sample,fwd-ref,rev-ref,fwd-rev,core-ref,reads
79,22,8,8,8,54
79,22,16,16,6,6
79,52,46,92,30,15
79,52,32,68,20,9
79,52,10,18,6,1
79,52,36,80,24,4
79,52,38,82,26,1
79,52,24,40,12,16
79,52,30,58,18,1
79,22,18,18,6,33
79,52,22,28,12,1
79,52,34,78,22,5
79,52,28,54,16,2
79,52,40,86,28,6
79,48,42,84,30,1
79,52,32,64,20,2
79,22,10,10,4,7
79,52,42,88,30,1
79,22,8,8,6,1
79,34,28,54,16,1
79,52,26,52,14,2
79,22,10,10,10,1
79,36,20,20,8,1
79,52,22,28,14,1
79,44,24,36,12,1
79,22,14,14,4,1
79,38,28,54,16,1
79,52,32,66,24,1
79,46,24,40,12,1
79,52,32,62,20,1
79,48,30,58,18,1
79,44,24,66,12,1
79,52,26,52,12,6
79,52,52,98,30,12914
79,52,30,68,16,4
79,22,22,46,12,9126
79,22,12,12,6,7
79,20,22,20,10,43
79,22,20,20,10,65
79,52,50,96,30,10
79,44,44,96,30,26
79,48,52,90,30,17
79,52,52,94,30,311
79,48,52,94,30,70
79,45,45,94,23,41
79,52,48,94,30,24
79,22,20,44,12,8
79,38,38,92,22,1
79,22,18,42,12,8
79,12,14,8,4,2
79,31,31,80,12,1
79,46,46,96,24,188
79,48,48,98,26,73
79,44,44,92,22,16
79,13,12,8,4,1
79,52,52,86,30,17
79,52,48,90,30,10
79,52,52,90,30,61
79,20,20,20,10,8
79,38,38,92,16,4
79,16,24,8,4,1
79,12,12,8,4,3
79,48,52,90,28,31
79,22,18,42,10,40
79,52,18,18,8,1
79,22,22,42,12,80
79,23,22,32,12,37
79,52,44,90,28,4
79,52,28,58,26,1
79,22,22,38,12,5
79,48,52,94,28,94
79,25,23,60,11,1
79,42,46,92,22,1
79,22,19,11,8,1
79,46,46,100,24,112
79,40,52,74,26,1
79,52,48,86,28,11
79,18,22,16,6,3
79,52,48,94,28,90
79,48,48,90,26,10
79,42,42,96,20,5
79,22,18,34,10,1
79,52,12,10,6,2
79,52,32,72,18,4
79,20,20,6,4,22
79,22,12,13,10,1
79,12,12,8,2,4
79,22,10,6,4,3
79,48,52,74,28,1
79,48,48,98,30,35
79,16,12,8,6,1
79,52,48,90,28,22
79,22,18,8,4,2
79,43,43,94,21,16
79,41,41,94,19,4
79,46,48,88,28,1
79,18,20,16,8,1
79,52,44,78,28,2
79,52,44,90,24,6
79,44,44,98,22,1
79,44,44,96,22,28
79,52,28,58,22,1
79,20,22,6,4,2
79,50,52,96,30,10
79,22,22,32,12,89
79,45,37,86,19,1
79,46,46,92,24,6
79,22,20,36,10,6
79,41,41,102,20,1
79,22,18,38,10,3
79,12,12,8,6,46
79,42,40,72,24,1
79,44,48,82,24,1
79,52,38,84,20,1
79,52,32,54,24,1
79,48,48,90,28,11
79,42,42,92,20,11
79,44,52,90,26,2
79,24,24,40,12,11
79,22,24,42,12,6
79,46,38,92,22,1
79,21,20,20,10,10
79,52,44,86,28,7
79,12,12,6,4,3
79,16,18,12,4,1
79,52,44,82,26,3
79,44,52,78,30,1
79,25,21,78,11,22
79,25,22,32,12,5
79,39,39,86,20,1
79,52,44,86,26,4
79,37,37,82,20,2
79,44,44,96,26,4
79,44,52,78,26,1
79,22,14,26,10,1
79,52,30,60,16,6
79,22,18,18,10,1
79,48,44,94,28,3
79,52,30,70,16,1
79,52,42,88,22,16
79,52,30,64,16,6
79,52,16,24,14,1
79,18,22,12,6,1
79,12,10,6,4,4
79,36,32,86,14,1
79,25,20,20,10,7
79,52,18,14,14,1
79,48,48,86,26,10
79,52,40,82,26,1
79,18,22,18,6,49
79,18,18,18,6,21
79,41,45,86,23,1
79,46,46,92,30,5
79,35,30,60,20,1
79,36,36,84,18,4
79,52,32,44,20,1
79,44,44,90,30,1
79,21,21,92,10,1
79,48,52,86,28,11
79,38,38,88,18,1
79,52,52,82,30,4
79,45,45,102,23,4
79,40,40,92,26,1
79,52,30,48,22,1
79,52,48,82,30,3
79,52,22,16,8,1
79,34,26,64,16,1
79,52,34,50,22,1
79,40,52,82,26,1
79,50,48,92,28,2
79,48,48,98,28,9
79,22,32,18,8,1
79,48,44,90,26,1
79,52,12,15,6,1
79,22,10,10,6,2
79,22,12,8,6,1
79,52,12,10,4,4
79,18,22,38,10,1
79,16,16,12,10,1
79,44,48,86,26,2
79,29,29,70,18,2
79,29,29,74,12,1
79,52,8,8,4,1
79,19,22,36,8,1
79,20,18,16,10,2
79,41,41,90,20,3
79,28,28,72,14,2
79,26,26,52,14,1
79,52,40,54,26,1
79,52,44,66,30,1
79,45,37,82,21,1
79,33,33,92,12,2
79,48,48,86,28,6
79,26,22,32,12,1
79,35,35,62,18,1
79,43,43,90,21,4
79,43,43,90,22,2
79,38,38,84,26,3
79,22,16,28,8,1
79,48,48,82,26,2
79,44,52,90,28,9
79,25,25,82,12,1
79,52,10,12,4,1
79,31,31,74,16,1
79,42,42,88,22,2
79,18,22,38,12,2
79,52,44,90,26,6
79,50,50,96,30,2
79,36,36,80,22,1
79,52,17,22,16,1
79,22,16,28,10,1
79,46,42,92,22,1
79,52,30,62,16,4
79,36,52,82,26,1
79,27,27,70,16,2
79,48,52,78,30,3
79,16,10,6,4,1
79,48,52,86,30,8
79,52,20,22,14,1
79,52,44,78,26,2
79,44,48,78,26,3
79,52,30,56,16,1
79,48,30,66,16,1
79,46,44,76,26,1
79,46,12,12,4,1
79,24,24,34,14,4
79,44,48,90,30,1
79,52,12,8,4,1
79,44,52,86,30,1
79,52,52,74,30,2
79,16,20,16,10,1
79,40,40,84,28,1
79,19,22,36,10,1
79,52,48,86,30,7
79,48,44,86,24,1
79,22,10,8,6,2
79,25,23,78,13,1
79,12,11,8,8,1
79,22,24,46,12,6
79,18,22,18,8,3
79,52,10,12,6,1
79,24,20,12,4,1
79,52,36,78,24,1
79,52,10,8,8,1
79,52,44,82,28,1
79,35,35,86,14,1
79,44,44,98,30,1
79,40,48,70,26,1
79,52,12,18,18,1
79,33,33,88,20,1
79,48,48,86,30,1
79,14,18,8,4,1
79,52,40,70,24,2
79,52,32,62,24,1
79,42,48,56,24,1
79,22,18,10,6,1
79,44,52,82,26,1
79,39,39,90,18,3
79,18,24,18,6,1
79,18,20,6,4,3
79,48,48,94,30,10
79,52,40,82,24,3
79,46,10,12,4,1
79,52,40,62,26,1
79,52,28,50,20,1
79,42,52,84,26,1
79,44,48,86,28,1
79,36,52,70,24,1
79,30,30,76,14,1
79,28,28,100,14,1
79,48,44,94,26,2
79,18,18,6,4,2
79,39,39,86,18,2
79,22,12,6,4,1
79,22,22,42,14,2
79,46,52,84,28,2
79,22,16,14,6,1
79,22,16,16,8,2
79,42,42,88,30,2
79,28,20,20,10,1
79,52,40,86,26,1
79,22,13,8,6,1
79,50,48,92,30,1
79,46,46,88,24,1
79,20,8,8,4,1
79,36,30,40,12,1
79,22,28,46,12,1
79,12,12,6,6,2
79,38,38,88,22,2
79,52,46,88,28,1
79,34,34,80,16,2
79,40,28,30,14,1
79,28,28,54,16,1
79,32,32,76,14,1
79,10,12,8,4,1
79,40,52,86,24,1
79,35,35,82,14,2
79,52,18,12,6,1
79,22,8,8,4,6
79,14,22,6,4,1
79,16,22,16,10,3
79,40,40,70,18,1
79,52,12,10,8,1
79,38,38,94,24,1
79,14,10,6,4,1
79,52,10,12,8,1
79,39,39,86,24,2
79,46,52,88,30,2
79,18,24,8,4,1
79,16,18,12,6,1
79,30,30,66,18,2
79,52,10,14,6,1
79,52,30,52,22,1
79,39,39,86,22,2
79,52,48,74,30,2
79,22,22,28,12,1
79,50,52,92,30,4
79,52,38,82,20,7
79,22,10,10,8,1
79,46,42,96,22,1
79,40,52,74,24,1
79,26,22,46,12,1
79,44,22,30,16,1
79,46,52,92,28,1
79,52,48,82,28,3
79,43,31,78,15,1
79,41,41,90,19,2
79,52,14,10,4,2
79,52,12,12,8,1
79,10,12,6,4,2
79,25,21,70,13,1
79,22,14,14,6,2
79,48,48,90,30,2
79,12,10,12,4,1
79,52,14,16,6,2
79,26,22,42,14,2
79,39,39,90,20,1
79,44,52,86,28,2
79,22,22,28,10,1
79,44,52,82,28,1
79,48,52,82,30,2
79,42,42,84,22,1
79,22,14,24,8,1
79,28,28,48,18,1
79,48,48,74,28,1
79,25,21,74,11,2
79,22,12,4,4,1
79,24,22,38,10,1
79,44,48,82,28,1
79,44,38,80,28,1
79,52,44,58,28,1
79,40,40,98,26,1
79,14,12,8,4,2
79,20,18,16,8,1
79,46,20,48,16,1
79,52,26,50,12,5
79,22,12,10,6,4
79,22,10,12,8,1
79,52,28,62,22,1
79,44,40,82,26,1
79,31,31,74,14,1
79,18,22,14,6,3
79,46,52,92,30,2
79,32,32,94,10,2
79,52,48,78,28,3
79,36,52,70,26,1
79,38,46,92,24,1
79,48,10,14,8,1
79,37,37,86,16,2
79,52,10,6,4,1
79,33,33,82,16,1
79,22,12,8,4,2
79,44,40,66,24,1
79,52,16,14,8,1
79,21,16,16,8,1
79,22,16,16,10,2
79,41,37,90,18,1
79,22,14,6,4,2
79,52,18,14,8,1
79,46,42,92,24,4
79,36,36,86,20,1
79,37,37,86,20,1
79,41,45,82,23,1
79,52,10,8,6,1
79,33,33,78,20,1
79,22,14,8,6,1
79,52,40,42,24,1
79,48,52,82,28,4
79,22,22,42,10,2
79,37,37,86,18,1
79,10,10,6,4,1
79,36,44,54,22,1
79,36,40,82,24,1
79,37,43,84,19,1
79,38,38,84,18,1
79,35,35,82,18,1
79,48,48,94,26,2
79,45,41,90,23,1
79,37,37,92,23,1
79,36,52,78,28,1
79,26,26,80,14,1
79,52,28,54,14,4
79,22,16,20,6,1
79,52,23,33,26,1
79,52,18,18,10,1
79,52,12,12,6,2
79,52,14,12,6,1
79,42,10,14,8,1
79,14,14,18,8,1
79,22,16,10,6,3
79,48,44,82,26,2
79,52,32,74,24,1
79,52,12,12,10,1
79,42,46,80,24,1
79,48,46,64,28,1
79,12,26,6,4,1
79,48,40,82,22,1
79,38,38,88,16,5
79,40,52,86,28,2
79,22,14,6,6,1
79,12,15,8,4,1
79,12,14,11,8,1
79,29,29,78,12,1
79,52,46,92,26,1
79,52,28,54,20,1
79,48,52,78,28,1
79,37,37,86,24,2
79,30,30,80,18,2
79,22,24,10,6,1
79,40,40,96,22,1
79,40,40,94,18,2
79,12,12,6,2,1
79,26,26,66,14,3
79,44,46,80,26,1
79,37,37,90,15,1
79,42,42,96,24,1
79,52,40,74,24,1
79,36,48,62,26,1
79,22,18,38,12,1
79,42,46,92,24,2
79,12,12,10,4,3
79,42,46,84,22,1
79,44,52,86,26,3
79,40,40,96,26,1
79,40,48,78,24,1
79,48,30,60,16,1
79,52,40,58,28,1
79,35,35,82,21,1
79,48,44,82,28,2
79,29,29,98,14,1
79,52,24,38,22,1
79,52,44,70,26,1
79,40,40,62,26,1
79,44,48,74,24,1
79,39,39,92,17,2
79,30,30,72,18,1
79,22,18,34,12,1
79,42,46,90,22,1
79,52,24,44,18,1
79,38,38,92,20,1
79,44,44,82,24,1
79,20,24,36,10,1
79,40,40,98,18,2
79,36,48,62,24,1
79,43,43,94,22,1
79,26,20,20,10,2
79,36,36,84,14,2
79,18,18,10,4,1
79,44,44,66,24,1
79,22,18,12,6,1
79,52,22,56,24,1
79,52,40,16,8,1
79,52,18,19,16,1
79,44,48,74,26,1
79,52,36,46,24,1
79,46,46,100,26,2
79,52,52,66,30,1
79,14,52,10,4,1
79,18,22,32,8,1
79,33,38,82,13,1
79,22,14,8,4,1
79,22,20,28,10,1
79,24,12,36,8,1
79,35,35,88,19,1
79,42,52,88,28,1
79,22,20,16,8,1
79,52,34,56,24,1
79,46,46,100,30,1
79,46,44,60,24,1
79,52,10,6,6,1
79,30,26,72,12,1
79,22,24,38,12,1
79,46,38,88,18,1
79,52,30,64,24,1
79,32,32,68,20,1
79,36,48,86,22,1
79,52,30,48,18,1
79,29,29,84,10,1
79,52,12,12,4,1
79,48,40,74,22,2
79,12,8,6,4,1
79,33,33,78,16,1
79,52,12,14,4,1
79,20,18,6,4,1
79,40,40,92,18,1
79,44,44,98,28,1
79,52,26,54,14,1
79,20,20,44,12,1
79,22,24,12,6,1
79,22,6,6,4,1
79,52,18,26,16,1
79,20,24,18,6,1
79,22,52,20,10,1
79,14,12,8,8,1
79,25,25,64,13,1
79,52,16,13,6,1
79,52,12,6,4,1
79,20,22,40,12,1
79,35,35,86,20,1
79,42,42,88,20,1
79,52,18,14,10,1
79,42,42,68,22,1
79,48,40,82,24,1
79,22,20,8,4,1
79,22,20,17,8,1
79,22,16,26,6,1
79,31,31,74,18,1
79,52,12,8,6,1
79,52,20,42,20,1
79,52,29,35,28,1
79,52,32,70,20,1
79,52,26,62,18,1
79,46,52,88,28,1
79,36,36,92,16,1
79,35,31,78,16,1
79,38,30,84,22,1
79,52,40,66,24,1
79,52,42,84,22,1
79,16,22,16,8,1
79,48,42,84,22,1
79,52,24,34,16,1
79,30,24,62,14,1
79,12,22,12,4,1
79,29,29,76,16,1
79,13,17,6,4,1
79,32,32,84,14,1
79,42,38,88,22,1
79,52,30,54,16,1
79,48,18,16,10,1
79,46,24,18,16,1
79,52,10,10,10,1
79,52,40,86,20,1
79,18,22,30,12,1
79,37,37,90,16,1
79,22,12,12,4,1
79,45,45,102,24,1
79,18,22,18,10,1
79,48,44,90,28,1
79,52,34,74,20,2
79,22,20,30,12,1
79,26,24,48,14,1
79,52,40,74,28,1
79,14,14,16,6,1
79,39,39,94,17,1
79,24,20,20,8,1
79,31,31,78,16,1
79,16,22,32,12,1
79,34,52,56,26,1
79,39,39,90,17,1
79,40,52,66,28,1
79,52,52,70,30,1
79,32,32,78,19,1
79,52,32,50,26,1
79,34,34,90,16,1
79,22,20,32,8,1
79,52,18,12,4,1
79,35,35,82,16,4
79,52,40,78,26,1
79,21,10,10,4,1
79,52,12,14,8,1
79,36,40,84,18,1
79,39,41,92,19,1
79,52,18,28,16,1
79,48,48,82,30,1
79,52,50,92,30,1
79,31,31,84,12,2
79,44,44,90,24,1
79,24,21,68,12,1
78,22,18,42,12,22
78,52,24,40,12,19
78,52,42,88,28,10
78,22,18,18,6,56
78,52,48,94,30,64
78,48,28,54,16,1
78,22,8,8,8,30
78,52,32,68,20,3
78,52,26,52,14,4
78,52,34,80,22,6
78,52,44,90,30,5
78,12,8,6,4,1
78,52,30,66,18,1
78,20,8,8,8,1
78,52,28,54,16,10
78,12,8,6,6,1
78,52,36,82,24,6
78,52,46,92,30,2
78,52,26,48,14,3
78,52,26,50,14,2
78,22,12,12,4,4
78,52,44,90,28,6
78,45,22,38,10,1
78,52,30,60,18,2
78,52,30,64,18,2
78,52,36,78,24,1
78,52,32,60,20,1
78,52,32,66,20,1
78,41,20,20,8,1
78,48,22,44,14,1
78,50,22,38,12,1
78,52,10,10,4,4
78,52,28,54,14,10
78,52,52,98,30,13133
78,52,30,58,16,5
78,22,22,46,12,8112
78,22,10,10,4,6
78,52,42,88,24,10
78,48,48,90,28,18
78,44,44,96,22,36
78,46,46,96,24,184
78,39,39,86,22,1
78,50,52,96,30,12
78,45,45,94,23,36
78,20,20,6,4,41
78,12,10,4,2,217
78,22,22,32,12,104
78,52,48,94,28,129
78,26,22,32,12,6
78,52,52,94,30,357
78,22,12,8,4,5
78,12,10,6,4,20
78,22,18,42,10,35
78,20,22,20,10,60
78,46,46,100,24,112
78,22,20,44,12,5
78,48,52,94,28,77
78,22,16,16,10,4
78,23,22,32,12,53
78,22,18,38,12,2
78,48,48,86,30,1
78,22,20,20,10,62
78,12,10,8,4,9
78,22,22,42,12,97
78,48,52,82,30,4
78,52,50,96,30,12
78,26,26,52,14,3
78,20,16,6,4,3
78,21,17,74,8,1
78,44,48,90,26,2
78,52,52,82,30,7
78,10,14,10,4,1
78,52,44,90,26,10
78,52,44,82,28,6
78,22,14,14,4,1
78,52,48,82,28,6
78,52,48,86,28,8
78,22,24,34,14,1
78,42,42,84,24,1
78,44,48,86,26,4
78,48,48,98,26,58
78,52,30,64,16,6
78,25,8,8,4,1
78,40,40,92,18,4
78,48,48,86,26,3
78,52,10,12,6,1
78,22,12,4,4,1
78,43,43,90,22,1
78,52,52,90,30,62
78,27,27,70,16,2
78,44,44,92,22,15
78,18,18,18,6,10
78,44,44,96,30,25
78,18,14,48,14,2
78,26,24,30,14,1
78,48,52,90,30,35
78,22,24,46,12,11
78,32,32,76,16,13
78,12,12,36,12,1
78,52,48,90,28,29
78,18,22,12,4,2
78,22,14,8,6,2
78,50,48,88,28,1
78,48,44,78,24,1
78,44,52,90,28,11
78,48,44,23,28,1
78,33,33,92,12,4
78,22,24,38,12,1
78,46,46,88,24,1
78,48,52,94,30,142
78,48,40,78,26,1
78,38,42,84,20,1
78,52,36,80,20,1
78,22,18,8,4,2
78,12,10,4,4,9
78,22,22,38,12,9
78,14,12,6,4,3
78,52,10,8,4,2
78,24,24,40,12,26
78,20,20,44,12,3
78,36,36,80,22,1
78,48,48,98,30,42
78,52,16,22,10,1
78,14,12,26,10,4
78,19,22,30,8,1
78,43,43,94,21,18
78,26,20,20,10,4
78,12,12,6,4,12
78,25,21,78,11,39
78,10,28,11,8,1
78,48,48,90,26,3
78,22,22,42,10,5
78,35,35,90,21,1
78,46,42,92,22,7
78,52,48,78,28,2
78,25,22,32,12,10
78,52,48,82,30,3
78,52,52,70,30,2
78,52,44,86,26,3
78,52,52,62,30,1
78,22,8,8,4,6
78,52,32,70,18,5
78,52,30,56,16,3
78,14,10,10,4,14
78,39,39,92,17,1
78,40,40,92,20,2
78,36,36,84,14,2
78,52,8,8,8,2
78,22,16,12,6,1
78,20,20,20,10,8
78,22,22,38,10,3
78,21,20,20,10,28
78,26,28,20,8,1
78,30,30,80,20,3
78,37,37,92,15,1
78,33,21,100,13,1
78,22,14,16,6,2
78,44,44,78,24,1
78,52,12,10,4,1
78,24,32,68,16,1
78,36,40,82,24,1
78,52,48,86,30,3
78,22,24,42,12,5
78,39,39,86,19,1
78,44,44,98,22,5
78,25,20,20,10,9
78,37,37,88,15,3
78,20,22,6,4,8
78,29,29,76,16,1
78,34,34,24,6,2
78,48,52,86,30,10
78,34,34,80,22,3
78,50,50,92,30,1
78,48,36,74,24,1
78,52,40,78,28,1
78,44,44,96,26,2
78,14,12,8,6,2
78,18,22,18,6,35
78,42,46,92,24,5
78,20,22,18,6,1
78,52,26,50,20,1
78,12,12,6,6,3
78,42,42,88,30,1
78,22,12,12,10,1
78,40,52,82,28,1
78,48,44,90,28,1
78,52,30,28,18,1
78,52,34,44,24,1
78,44,36,54,24,1
78,52,14,16,4,1
78,48,48,82,28,5
78,44,32,58,18,1
78,14,10,6,4,10
78,52,34,74,20,7
78,52,48,90,30,13
78,48,44,82,24,2
78,44,52,86,28,3
78,41,41,102,19,1
78,52,46,92,28,4
78,14,12,16,8,1
78,14,11,52,10,1
78,12,14,8,4,1
78,52,46,88,28,3
78,26,26,66,14,1
78,13,13,84,12,1
78,46,44,80,28,1
78,18,24,18,6,2
78,52,34,72,24,1
78,26,26,72,14,2
78,52,14,16,8,1
78,12,12,6,2,1
78,26,24,48,14,2
78,46,46,92,24,7
78,25,22,60,12,1
78,39,39,94,17,2
78,14,10,8,4,4
78,48,48,82,30,2
78,52,44,82,26,5
78,26,22,92,12,1
78,16,12,10,6,1
78,36,32,62,22,1
78,39,39,86,18,2
78,48,52,86,28,3
78,52,46,84,30,1
78,42,52,80,26,1
78,26,20,24,10,1
78,34,30,76,20,1
78,22,20,38,10,1
78,16,10,6,4,17
78,52,24,14,8,1
78,12,16,8,4,1
78,48,48,94,30,11
78,35,35,82,18,1
78,26,22,46,12,2
78,52,36,62,24,1
78,37,37,86,24,1
78,52,52,86,30,17
78,52,52,78,30,1
78,46,26,52,14,1
78,22,18,52,16,1
78,52,32,20,20,1
78,52,8,8,4,1
78,22,20,36,10,2
78,52,14,10,8,2
78,46,32,74,18,1
78,52,10,8,6,1
78,32,12,8,6,1
78,12,20,8,4,1
78,52,44,86,28,5
78,44,48,86,28,3
78,48,44,78,26,1
78,35,35,82,14,3
78,43,35,74,17,1
78,39,39,90,18,3
78,43,43,90,21,5
78,20,18,16,10,1
78,44,14,16,8,1
78,48,52,90,28,15
78,45,45,102,24,1
78,52,50,92,30,2
78,10,10,4,4,1
78,52,40,70,28,2
78,12,11,6,6,1
78,52,20,24,16,1
78,48,48,70,30,1
78,48,34,72,22,1
78,26,18,34,12,2
78,48,44,82,28,1
78,22,18,26,14,1
78,48,40,82,24,1
78,52,34,76,20,3
78,46,36,86,18,1
78,29,22,34,8,1
78,21,21,74,10,1
78,22,14,8,4,1
78,22,12,10,6,2
78,22,12,12,6,1
78,52,12,8,4,3
78,36,52,78,26,1
78,40,40,98,26,2
78,26,22,42,14,28
78,20,18,6,4,3
78,52,44,78,28,3
78,52,48,78,30,1
78,22,20,28,8,1
78,18,20,18,6,2
78,32,30,74,16,1
78,14,22,6,4,1
78,44,48,78,28,2
78,10,40,8,4,1
78,16,10,4,2,2
78,14,12,12,4,1
78,12,12,14,8,1
78,26,24,34,14,1
78,10,28,6,4,1
78,18,22,14,6,4
78,18,20,6,4,3
78,48,50,88,30,2
78,18,10,8,4,1
78,44,40,70,20,1
78,48,40,66,24,1
78,44,52,90,26,2
78,48,44,86,26,2
78,44,52,86,30,2
78,48,12,10,4,1
78,12,12,4,4,1
78,52,44,74,28,1
78,22,12,10,10,1
78,52,48,74,28,2
78,44,40,74,22,1
78,28,28,76,12,1
78,12,16,10,4,1
78,45,43,92,23,1
78,33,33,78,16,3
78,46,46,92,30,3
78,31,31,74,16,1
78,38,38,92,16,2
78,44,48,94,26,4
78,20,50,54,18,1
78,42,38,76,28,1
78,42,36,68,24,1
78,12,14,4,4,2
78,48,46,66,30,1
78,22,16,8,4,1
78,36,48,62,28,1
78,22,16,24,8,1
78,33,33,82,16,1
78,22,14,14,6,6
78,28,28,104,10,1
78,22,18,28,8,3
78,32,52,74,24,1
78,18,22,6,4,1
78,44,48,82,28,1
78,22,16,16,6,3
78,40,48,74,24,1
78,46,48,80,26,1
78,50,50,96,30,6
78,45,45,102,23,3
78,52,34,68,26,1
78,52,12,10,12,1
78,52,24,44,18,1
78,40,48,70,26,1
78,52,40,66,24,1
78,14,28,10,4,1
78,22,18,38,10,4
78,52,34,70,20,1
78,22,8,8,6,1
78,44,52,90,30,4
78,36,36,84,18,2
78,52,20,14,10,1
78,42,42,88,22,3
78,52,12,12,6,2
78,40,40,102,18,2
78,48,48,98,28,13
78,32,32,68,20,3
78,39,39,86,17,1
78,33,33,82,14,2
78,42,42,96,24,1
78,30,30,72,18,1
78,52,28,40,22,1
78,52,28,74,24,1
78,50,52,88,30,1
78,44,40,62,20,1
78,44,40,46,28,1
78,48,52,82,28,2
78,22,22,42,14,3
78,52,36,82,20,7
78,52,14,18,8,1
78,35,35,86,16,1
78,24,24,94,10,1
78,29,29,78,16,1
78,18,12,54,10,1
78,52,38,84,28,1
78,48,48,74,28,1
78,42,46,84,28,1
78,34,34,80,14,1
78,16,22,16,10,3
78,22,16,54,12,1
78,22,10,8,4,1
78,26,26,96,12,2
78,43,41,104,22,1
78,48,16,16,6,1
78,35,35,78,16,1
78,41,41,90,19,5
78,36,36,84,22,1
78,16,16,6,4,2
78,20,24,32,10,1
78,22,16,10,8,1
78,32,36,80,16,1
78,48,28,44,14,1
78,22,12,22,6,1
78,40,48,62,24,1
78,22,12,6,6,2
78,48,48,86,28,6
78,46,46,84,24,1
78,20,22,36,10,3
78,26,18,38,12,5
78,52,38,62,28,1
78,12,8,4,2,1
78,52,30,66,16,3
78,22,22,116,10,1
78,12,16,8,6,1
78,38,38,88,18,2
78,52,36,70,26,1
78,22,12,6,4,1
78,52,21,31,20,1
78,46,46,100,28,1
78,52,18,24,16,1
78,26,26,76,14,1
78,28,29,48,18,1
78,36,40,80,18,1
78,52,38,84,22,3
78,52,16,10,4,1
78,46,20,36,18,1
78,16,12,4,4,1
78,44,36,42,26,1
78,48,26,52,12,1
78,18,10,10,4,1
78,46,36,90,20,1
78,33,37,88,15,1
78,28,28,76,16,1
78,52,44,62,26,1
78,52,44,78,26,1
78,14,12,50,12,3
78,52,10,10,6,1
78,42,52,88,30,1
78,40,40,88,18,3
78,52,26,68,22,1
78,22,18,26,8,1
78,22,8,6,4,1
78,40,44,70,26,1
78,22,20,32,10,1
78,40,40,90,24,2
78,22,20,42,10,1
78,20,22,26,12,1
78,46,50,92,30,1
78,29,27,64,14,1
78,52,12,12,8,1
78,52,32,58,22,1
78,52,32,46,26,1
78,21,17,78,10,1
78,48,48,78,28,1
78,16,14,6,4,2
78,52,40,70,30,1
78,39,39,90,20,1
78,18,16,8,4,1
78,48,44,82,26,1
78,48,36,78,20,1
78,22,18,18,8,2
78,52,26,52,12,2
78,44,44,92,30,1
78,18,22,18,8,1
78,52,12,6,4,1
78,52,14,20,8,1
78,42,42,96,20,2
78,36,36,80,18,1
78,42,42,92,20,6
78,25,25,86,13,1
78,14,14,14,8,2
78,52,42,80,24,1
78,20,20,40,10,2
78,52,18,26,14,1
78,52,44,78,30,1
78,37,37,86,18,1
78,37,37,94,21,1
78,20,10,8,4,1
78,22,14,8,8,1
78,48,40,82,26,2
78,27,27,74,12,1
78,22,12,10,4,1
78,16,22,32,10,1
78,36,36,80,16,1
78,52,36,66,26,1
78,24,16,18,8,1
78,25,17,74,10,1
78,22,13,24,10,1
78,22,16,10,4,1
78,52,36,74,24,1
78,52,18,26,16,1
78,22,24,30,10,1
78,46,46,100,26,2
78,48,28,50,14,1
78,16,30,6,6,1
78,16,10,8,4,1
78,12,8,4,4,1
78,42,46,96,24,1
78,44,48,82,30,1
78,22,22,10,6,1
78,22,32,14,6,1
78,50,48,76,28,1
78,12,16,4,2,1
78,22,22,30,10,1
78,16,12,10,8,1
78,52,14,12,10,1
78,52,12,18,12,1
78,52,15,17,8,1
78,20,18,18,8,1
78,36,52,74,26,1
78,22,16,14,6,1
78,14,14,14,6,2
78,52,12,10,6,2
78,40,40,88,20,1
78,12,12,50,12,1
78,39,39,90,17,1
78,46,46,100,30,1
78,22,22,38,14,2
78,52,22,16,10,1
78,12,12,10,4,1
78,22,22,28,12,1
78,52,32,72,18,2
78,39,39,96,17,1
78,48,26,38,20,1
78,46,42,96,22,1
78,48,26,24,24,1
78,52,14,14,6,1
78,44,44,98,26,1
78,18,22,16,6,2
78,20,18,16,8,1
78,13,10,8,4,1
78,52,14,10,4,1
78,31,31,88,10,1
78,52,24,26,20,1
78,52,44,70,26,2
78,30,30,72,20,1
78,46,42,92,24,1
78,16,22,16,8,1
78,45,45,98,23,1
78,44,46,76,26,1
78,44,32,50,24,1
78,44,44,66,22,1
78,30,30,76,14,1
78,20,10,6,4,1
78,52,28,50,24,1
78,18,52,18,6,1
78,44,52,82,30,2
78,40,44,50,26,1
78,48,42,76,26,1
78,52,20,20,8,1
78,35,35,82,16,1
78,31,31,78,16,1
78,48,48,94,26,2
78,44,44,78,30,1
78,52,16,16,10,1
78,22,22,40,10,1
78,26,23,94,13,1
78,14,14,58,10,1
78,44,52,74,30,1
78,48,48,78,30,1
78,10,52,14,4,1
78,22,18,34,10,1
78,48,48,78,26,2
78,42,46,92,22,1
78,22,28,26,12,1
78,52,42,72,20,1
78,52,32,66,22,1
78,33,24,34,14,1
78,25,21,74,10,1
78,22,18,20,8,1
78,26,22,60,12,1
78,48,40,58,24,1
78,44,52,82,28,1
78,48,52,74,30,1
78,40,52,78,28,1
78,52,44,74,26,1
78,48,36,82,20,1
78,48,40,46,26,1
78,20,20,8,4,1
78,41,41,94,19,1
78,44,44,90,30,1
78,14,12,46,12,1
78,33,33,78,18,1
78,50,48,92,28,1
78,34,34,80,16,1
78,16,14,6,2,1
78,44,44,94,30,1
78,48,44,86,30,1
78,48,40,54,24,1
78,12,10,2,2,1
78,26,22,38,14,1
78,52,40,86,28,1
78,52,40,86,22,2
78,52,30,62,16,1
78,16,20,16,10,1
78,52,44,86,30,1
78,33,33,90,12,1
78,42,42,88,20,1
78,12,10,6,6,1
78,28,28,54,16,1
78,20,22,44,12,1
78,27,26,62,14,1
78,12,20,6,4,1
78,34,44,48,20,1
78,44,44,70,26,1
78,44,48,74,30,1
78,48,44,94,24,1
78,18,22,38,10,1
78,12,14,8,6,1
78,48,18,18,8,1
78,18,28,10,4,1
78,26,26,80,14,3
78,18,22,28,8,1
78,13,13,86,10,1
78,22,20,20,6,1
78,30,30,80,18,2
78,48,42,64,28,1
78,30,28,68,14,1
78,52,16,14,4,1
78,14,28,10,6,1
78,44,44,94,26,2
78,37,37,90,16,2
78,14,14,48,14,1
78,22,12,8,6,1
78,48,52,78,30,2
78,22,18,34,8,1
78,12,6,6,4,1
78,41,24,40,12,1
78,52,10,6,2,1
78,52,40,78,26,1
78,12,12,12,8,1
78,24,24,34,14,3
78,52,40,82,24,1
78,43,43,86,21,1
78,16,18,6,4,1
78,52,44,74,30,1
78,41,41,90,20,1
78,16,12,6,6,1
78,52,24,24,16,1
78,14,12,8,4,3
78,18,18,6,4,3
78,16,12,6,4,1
78,52,40,58,28,1
78,42,42,100,20,1
78,30,24,62,14,1
78,22,18,8,8,1
78,20,12,10,4,1
78,36,36,94,18,1
78,22,16,26,8,1
78,52,40,82,26,2
78,22,16,16,8,1
78,12,8,6,2,1
78,14,12,32,12,1
78,44,44,94,28,1
78,37,33,82,18,1
78,40,40,96,18,1
78,12,14,12,6,1
78,52,42,88,26,1
78,22,14,10,6,1
78,22,10,8,6,1
78,48,48,82,26,1
78,26,24,58,12,1
78,12,36,10,8,1
78,48,22,56,20,1
78,48,40,70,26,1
78,20,18,8,4,1
78,25,18,76,10,1
78,40,40,104,18,1
78,36,48,62,24,1
78,12,12,8,4,2
78,44,48,86,30,1
78,44,48,82,26,1
78,22,21,38,12,1
78,16,10,4,4,1
78,52,13,10,6,1
78,44,48,74,26,1
78,48,46,80,26,1
78,50,52,92,30,1
78,48,42,84,26,1
78,42,46,84,24,1
78,16,16,16,8,1
78,14,14,24,14,1
78,44,28,60,24,1
78,52,14,28,12,1
78,30,30,86,12,1
78,22,22,12,8,1
78,46,48,96,26,1
78,44,48,78,30,1
78,14,14,18,8,1
78,38,38,96,16,1
78,12,12,16,6,1
78,52,22,14,8,1
78,52,14,16,10,1
78,52,50,80,30,1
78,25,22,84,12,1
78,48,46,84,28,1
78,36,32,82,22,1
78,22,10,10,6,1
78,14,12,8,2,1
78,18,16,26,14,1
78,12,18,8,6,1
78,38,44,76,22,1
78,52,40,82,28,1
78,52,40,48,20,1
78,20,18,16,6,1
78,34,40,50,24,1
78,39,39,86,20,1
78,40,52,78,26,1
78,52,46,80,28,1
78,36,36,98,22,1
78,44,32,32,16,1
78,35,35,82,17,1
78,48,28,62,26,1
78,36,36,96,20,1
78,38,46,84,22,1
78,26,26,80,16,1
78,29,29,74,14,1
78,22,16,24,10,1
78,22,20,40,12,1
78,46,44,72,24,1
78,41,41,86,19,1
78,29,22,32,12,1
78,29,21,94,12,1
78,18,22,28,10,1
78,30,30,72,16,1
78,25,24,30,10,1
78,45,45,90,23,1
76,52,40,86,28,6
76,52,24,40,12,5
76,52,32,76,20,1
76,22,8,8,8,23
76,22,18,18,6,37
76,52,44,86,28,4
76,52,38,84,26,1
76,52,50,96,30,26
76,52,48,94,30,30
76,52,28,54,16,29
76,52,26,52,14,3
76,22,20,44,12,13
76,52,30,58,18,1
76,22,18,42,12,8
76,22,14,14,6,7
76,52,52,98,30,12639
76,52,42,88,28,14
76,52,46,92,30,2
76,52,34,76,24,1
76,52,46,88,30,1
76,22,6,6,6,1
76,52,34,80,22,1
76,48,30,62,18,1
76,22,22,46,12,9710
76,44,44,92,22,13
76,48,52,94,28,45
76,46,46,96,24,132
76,48,52,86,30,6
76,18,24,18,6,4
76,52,50,92,30,2
76,52,52,94,30,353
76,52,52,86,30,19
76,48,52,86,28,12
76,20,42,12,8,1
76,48,48,94,30,8
76,52,48,90,28,27
76,45,45,94,23,20
76,14,14,18,8,4
76,22,36,26,12,1
76,22,18,42,10,19
76,22,18,38,10,4
76,52,44,82,26,2
76,22,10,10,6,10
76,22,10,12,6,3
76,52,44,82,28,3
76,43,43,90,22,3
76,39,39,86,22,1
76,22,22,42,10,6
76,24,24,40,12,47
76,10,10,2,2,6
76,18,22,18,6,43
76,52,48,86,28,4
76,52,10,10,8,2
76,42,46,96,22,1
76,52,44,90,28,7
76,52,40,78,24,2
76,20,22,36,10,2
76,18,18,18,6,18
76,22,22,42,12,119
76,10,12,4,4,2
76,25,21,78,11,34
76,48,48,98,28,6
76,38,38,92,16,4
76,48,52,90,28,17
76,20,20,6,4,20
76,48,52,94,30,58
76,52,46,76,28,1
76,52,48,66,28,4
76,22,20,20,10,57
76,22,24,46,12,14
76,48,50,92,28,2
76,22,10,6,4,3
76,50,52,92,30,3
76,52,28,34,20,1
76,52,48,94,28,58
76,48,52,82,30,5
76,22,10,8,6,1
76,22,22,42,14,2
76,22,16,20,6,2
76,52,52,82,30,14
76,22,12,12,6,9
76,18,22,14,6,9
76,25,22,32,12,7
76,48,52,90,30,13
76,48,48,90,26,2
76,52,52,90,30,92
76,26,26,96,12,1
76,48,48,98,26,52
76,23,22,32,12,27
76,44,44,96,30,14
76,46,46,100,24,76
76,52,36,74,24,1
76,50,52,84,30,2
76,26,22,34,14,2
76,52,46,88,28,1
76,52,34,72,22,5
76,44,44,96,26,1
76,22,22,32,12,83
76,34,34,88,14,3
76,41,41,90,19,7
76,22,12,10,10,1
76,45,45,90,23,1
76,52,44,90,26,4
76,52,44,90,30,2
76,20,20,44,12,1
76,16,22,36,12,1
76,48,48,98,30,29
76,22,10,10,4,4
76,50,50,96,30,6
76,21,28,28,6,1
76,20,22,16,6,2
76,50,52,96,30,13
76,20,22,44,12,7
76,24,24,36,10,1
76,27,27,72,14,1
76,42,42,92,20,9
76,27,27,70,16,1
76,44,52,90,28,13
76,52,48,86,30,4
76,22,14,6,6,1
76,37,37,90,15,1
76,41,41,90,20,3
76,40,40,58,20,1
76,22,24,42,12,4
76,44,52,86,26,3
76,48,48,90,28,6
76,46,46,92,24,2
76,52,12,12,8,2
76,26,22,16,6,1
76,52,32,54,20,1
76,52,34,74,22,3
76,52,48,78,28,2
76,12,12,6,6,1
76,44,44,96,22,11
76,14,16,6,6,1
76,44,52,86,28,2
76,52,48,74,28,2
76,48,48,86,26,3
76,18,18,6,4,1
76,26,26,52,14,7
76,12,10,6,4,2
76,20,20,20,10,2
76,43,43,90,21,11
76,29,29,74,14,1
76,22,10,10,8,2
76,52,42,76,26,1
76,10,10,4,4,11
76,46,46,84,24,1
76,48,50,88,28,1
76,22,20,24,8,1
76,22,22,38,12,13
76,42,42,88,20,3
76,10,12,10,4,1
76,43,43,94,21,13
76,22,18,12,6,1
76,27,43,54,21,1
76,42,42,100,24,1
76,10,13,6,4,1
76,44,52,82,28,4
76,52,52,74,30,2
76,26,22,32,12,1
76,25,23,78,13,1
76,45,43,100,23,7
76,41,39,100,19,4
76,16,10,10,4,1
76,39,35,78,15,1
76,26,24,48,14,1
76,52,52,66,30,1
76,22,20,36,10,2
76,18,22,18,8,2
76,52,28,42,22,2
76,40,50,64,24,1
76,52,16,14,10,1
76,20,22,18,6,1
76,48,42,72,24,1
76,22,14,10,8,1
76,32,32,68,20,1
76,20,22,34,10,1
76,40,40,88,18,4
76,22,22,38,10,6
76,14,14,46,6,1
76,52,34,36,21,1
76,22,22,34,12,1
76,46,46,92,30,2
76,38,38,94,16,3
76,12,10,4,4,2
76,31,24,62,14,1
76,40,52,86,26,1
76,52,34,76,22,6
76,52,10,10,4,3
76,26,26,66,14,3
76,30,30,80,14,1
76,52,40,78,28,1
76,52,52,78,30,5
76,46,52,76,28,1
76,22,18,34,8,1
76,26,22,42,14,5
76,24,44,54,14,1
76,52,28,58,22,1
76,52,36,82,24,6
76,27,27,74,14,1
76,52,44,74,28,2
76,10,16,6,6,1
76,34,34,86,16,1
76,33,33,82,16,1
76,22,16,28,10,1
76,37,37,94,15,1
76,48,28,50,20,1
76,29,24,34,14,2
76,52,40,78,26,3
76,12,12,12,4,2
76,39,39,86,20,2
76,48,44,86,28,1
76,22,16,16,6,5
76,52,48,82,30,3
76,52,48,90,30,10
76,28,22,28,10,1
76,41,41,94,21,1
76,22,14,20,10,1
76,36,22,26,8,1
76,52,18,32,20,1
76,12,12,36,10,1
76,35,35,96,19,1
76,26,23,82,13,1
76,41,45,90,23,1
76,52,8,8,4,1
76,22,16,16,10,2
76,48,44,86,26,2
76,10,14,26,10,1
76,21,20,20,10,4
76,44,52,58,28,1
76,12,10,8,4,3
76,14,10,4,4,4
76,52,12,10,4,2
76,14,10,8,4,2
76,22,24,38,12,2
76,50,48,92,28,1
76,34,34,80,18,1
76,52,44,82,30,1
76,16,10,6,4,1
76,45,43,92,23,1
76,22,14,8,6,1
76,10,12,8,4,1
76,33,33,82,14,1
76,42,46,92,24,2
76,26,22,38,14,2
76,52,40,66,28,1
76,52,40,66,26,2
76,34,34,80,16,2
76,26,26,72,14,1
76,52,36,70,28,1
76,22,14,18,6,1
76,22,14,6,4,1
76,52,12,8,4,2
76,52,12,8,6,1
76,22,14,14,8,2
76,26,22,46,12,2
76,14,10,6,4,1
76,14,22,8,4,2
76,44,26,74,22,1
76,42,42,96,22,1
76,35,35,82,16,2
76,38,44,80,20,1
76,44,44,98,28,1
76,28,28,72,16,3
76,39,39,86,24,1
76,22,12,8,4,2
76,52,14,12,6,1
76,40,40,88,20,1
76,10,10,4,2,2
76,44,52,90,26,4
76,30,30,90,14,1
76,52,44,86,26,3
76,52,14,14,6,1
76,52,40,54,26,1
76,48,48,74,26,1
76,52,52,52,30,2
76,18,14,4,4,1
76,36,36,84,14,3
76,22,16,36,10,1
76,52,28,54,22,1
76,20,22,20,10,6
76,37,37,86,20,1
76,20,24,36,10,3
76,40,40,96,18,1
76,12,12,6,4,2
76,52,32,46,26,1
76,52,14,22,9,1
76,42,46,96,24,1
76,44,44,82,24,1
76,44,48,86,26,2
76,44,42,64,26,1
76,22,16,17,10,1
76,52,42,68,26,1
76,40,52,82,26,1
76,12,14,4,4,1
76,52,40,70,26,1
76,30,30,76,16,1
76,22,16,10,6,1
76,24,24,34,14,3
76,37,37,86,18,1
76,36,52,66,28,1
76,20,22,28,8,1
76,24,24,94,10,3
76,52,28,41,18,1
76,18,22,38,10,1
76,22,12,12,4,1
76,14,22,12,6,2
76,30,30,76,12,1
76,20,22,40,12,1
76,14,14,4,4,1
76,22,12,28,10,1
76,12,12,12,6,1
76,42,44,92,28,1
76,22,20,8,4,1
76,52,34,78,22,1
76,20,20,18,10,1
76,46,46,96,26,1
76,22,20,40,12,1
76,52,48,58,30,1
76,38,38,88,16,2
76,22,20,38,10,2
76,44,52,82,26,1
76,44,48,94,30,1
76,40,40,90,24,1
76,44,52,66,26,1
76,22,12,10,6,1
76,12,12,34,6,1
76,10,10,6,4,1
76,10,12,6,6,1
76,52,12,10,10,1
76,48,48,86,28,5
76,40,40,92,18,2
76,18,20,16,6,1
76,52,32,66,22,1
76,37,41,90,19,1
76,10,10,6,6,1
76,40,52,86,28,2
76,52,44,86,30,1
76,52,30,66,18,5
76,18,24,16,6,1
76,41,39,88,19,1
76,48,32,46,22,1
76,52,52,70,30,2
76,48,40,70,24,1
76,52,36,64,22,1
76,22,20,36,8,1
76,40,44,70,22,1
76,52,50,84,30,1
76,36,36,90,22,1
76,30,34,22,8,1
76,36,36,84,18,2
76,22,16,6,6,1
76,16,12,54,12,1
76,48,48,82,30,1
76,44,52,82,30,1
76,22,14,8,4,1
76,14,8,4,4,1
76,20,26,32,12,1
76,40,52,78,26,1
76,42,42,96,24,2
76,52,12,14,8,1
76,22,18,34,12,1
76,52,32,64,22,1
76,48,40,78,26,2
76,23,22,28,12,1
76,52,32,68,20,5
76,22,12,26,8,1
76,52,10,8,6,2
76,48,44,94,24,2
76,22,26,42,14,2
76,12,22,8,6,1
76,22,26,14,6,1
76,22,22,30,10,1
76,44,48,70,28,1
76,52,10,12,6,1
76,52,16,14,6,1
76,48,28,68,24,1
76,39,35,78,18,1
76,10,17,12,6,1
76,30,25,92,14,1
76,22,18,38,12,2
76,26,22,20,8,1
76,31,31,78,16,1
76,52,32,62,24,1
76,22,16,12,6,1
76,20,22,16,10,1
76,48,50,84,30,1
76,10,22,12,8,1
76,26,26,92,12,1
76,52,48,38,28,1
76,50,52,88,30,2
76,44,44,98,22,2
76,36,44,88,20,1
76,20,26,10,6,1
76,52,44,78,26,1
76,22,24,28,10,1
76,14,12,6,4,1
76,52,14,12,4,1
76,35,35,82,18,2
76,14,14,6,4,1
76,52,36,62,28,1
76,48,12,10,4,1
76,22,48,20,10,1
76,38,34,84,16,1
76,37,37,92,23,1
76,40,48,90,28,1
76,52,14,8,4,1
76,22,12,8,8,1
76,36,36,88,18,1
76,12,14,10,8,1
76,52,14,12,10,1
76,42,46,84,24,1
76,52,40,48,20,1
76,12,14,8,4,1
76,40,38,56,24,1
76,46,44,80,24,1
76,52,34,56,26,1
76,12,12,4,2,1
76,52,36,62,24,1
76,16,22,10,8,1
76,46,44,98,24,1
76,52,36,66,28,1
76,46,46,100,28,1
76,22,16,8,6,2
76,44,50,80,28,1
76,52,42,88,30,1
76,18,24,14,6,1
76,52,26,22,10,1
76,52,48,78,30,2
76,44,22,44,16,1
76,22,18,14,8,1
76,50,48,88,30,1
76,18,20,14,6,1
76,20,26,32,10,1
76,10,12,6,4,2
76,42,42,96,20,1
76,22,22,102,10,1
76,22,19,32,8,1
76,40,40,98,18,1
76,52,8,6,4,1
76,41,41,90,24,1
76,52,36,78,26,2
76,22,16,20,10,1
76,34,34,80,22,3
76,44,48,78,24,1
76,20,36,16,6,1
76,22,22,36,10,1
76,22,16,8,4,1
76,30,30,66,18,1
76,25,20,20,10,3
76,26,20,20,10,1
76,48,52,70,28,1
76,30,26,68,16,1
76,52,50,88,30,1
76,22,12,6,4,1
76,12,11,32,8,1
76,29,29,78,16,1
76,20,22,6,4,1
76,44,10,10,8,1
76,48,44,86,24,1
76,46,42,92,24,1
76,48,36,62,22,1
76,48,44,94,26,1
76,48,52,50,28,1
76,36,36,88,20,1
76,20,20,20,8,1
76,38,38,96,16,1
76,32,32,80,14,1
76,16,22,16,8,1
76,46,46,100,30,1
76,10,14,52,10,1
76,48,52,66,28,1
76,33,33,78,14,2
76,35,39,82,16,1
76,52,38,80,28,1
76,52,14,16,12,1
76,52,44,78,28,1
76,48,52,82,28,1
76,18,14,6,4,1
76,52,10,10,6,1
76,32,32,80,12,1
76,46,46,88,24,1
76,52,10,10,10,1
76,30,30,86,14,1
76,38,38,94,24,1
76,30,30,60,20,1
76,52,42,84,28,1
76,42,46,88,22,1
76,40,42,64,26,1
76,44,18,14,6,1
76,52,40,82,28,2
76,28,28,76,12,1
76,24,22,36,10,1
76,22,22,28,10,1
76,39,39,90,18,1
76,18,28,14,6,1
76,22,16,16,8,1
76,48,30,52,18,1
76,18,22,12,4,1
76,22,14,22,8,1
76,41,41,94,19,1
76,40,40,94,18,1
76,39,12,10,4,1
76,22,24,30,10,1
76,25,21,86,10,1
76,30,30,80,18,1
76,46,34,84,22,1
76,52,20,50,22,1
76,22,24,42,10,1
76,42,42,84,22,1
76,52,20,10,4,1
76,48,44,74,26,1
76,20,28,8,4,1
76,33,37,92,15,1
76,22,16,6,4,1
76,52,26,32,22,1
76,22,26,38,14,1
76,25,22,84,12,1
76,52,22,34,14,1
76,48,44,82,26,1
76,28,28,82,14,1
76,22,18,20,8,1
76,52,12,12,6,1
76,52,44,66,28,1
76,52,16,22,10,1
76,52,10,16,8,1
76,42,52,32,28,1
76,48,48,86,30,1
76,48,48,82,28,1
76,30,52,76,22,1
76,40,36,84,18,1
76,40,40,96,26,1
76,10,10,10,4,1
76,52,40,86,24,1
76,31,31,82,16,1
76,52,16,14,8,1
76,52,20,16,14,1
76,26,26,80,14,1
76,40,44,88,30,1
76,39,39,90,17,1
76,28,32,18,14,1
76,42,52,72,28,1
76,24,22,24,6,1
76,18,20,30,10,1
76,44,30,62,16,1
76,50,48,84,28,1
76,22,32,14,6,1
77,22,8,8,8,55
77,52,24,40,12,25
77,22,18,18,6,50
77,52,28,54,16,24
77,44,46,84,30,1
77,18,18,18,6,20
77,52,32,68,20,8
77,22,20,44,12,22
77,52,26,52,14,4
77,52,44,90,30,8
77,52,38,84,26,5
77,25,10,54,10,1
77,48,46,92,26,1
77,11,6,4,4,1
77,22,12,12,4,2
77,52,40,86,28,6
77,52,46,92,30,5
77,52,26,50,14,6
77,52,36,80,24,1
77,52,36,82,24,4
77,22,18,42,12,11
77,22,10,10,4,3
77,22,14,14,6,6
77,52,36,80,22,1
77,52,50,96,30,31
77,45,20,20,8,1
77,22,6,6,4,1
77,52,30,66,18,1
77,41,24,40,12,1
77,22,6,6,6,1
77,42,14,14,6,1
77,52,28,54,14,4
77,52,42,88,26,16
77,52,52,98,30,12698
77,22,22,46,12,9102
77,52,34,76,20,3
77,12,12,18,8,1
77,52,52,94,30,363
77,10,12,6,4,37
77,52,10,8,4,2
77,25,22,32,12,6
77,34,34,80,22,3
77,23,22,32,12,39
77,48,52,94,28,34
77,48,52,94,30,91
77,52,48,94,30,45
77,22,18,38,10,14
77,22,22,42,12,150
77,52,46,88,30,1
77,52,48,94,28,133
77,24,22,32,14,1
77,24,22,46,14,1
77,10,12,4,4,11
77,46,46,100,24,76
77,52,36,78,28,1
77,38,38,88,16,3
77,14,8,4,4,1
77,48,48,98,26,50
77,25,21,78,11,24
77,46,44,98,24,1
77,23,20,30,12,1
77,22,22,32,12,69
77,46,46,96,24,121
77,44,44,98,22,1
77,21,12,8,6,1
77,44,52,90,30,11
77,52,44,86,26,7
77,22,10,10,8,3
77,52,44,90,28,8
77,52,42,84,26,2
77,52,52,86,30,28
77,52,30,62,18,1
77,22,20,20,10,67
77,16,12,8,4,3
77,52,52,90,30,77
77,22,18,18,8,9
77,38,38,88,18,1
77,10,12,8,4,10
77,22,18,42,10,47
77,48,52,90,30,34
77,27,27,70,16,3
77,40,30,102,18,4
77,20,18,16,8,1
77,26,26,72,14,1
77,52,32,62,22,2
77,25,24,44,12,1
77,52,22,50,16,1
77,44,22,12,4,1
77,18,22,18,6,36
77,10,16,8,4,1
77,52,48,90,28,32
77,22,20,36,10,4
77,26,22,42,14,10
77,52,30,56,16,11
77,37,37,86,15,1
77,12,10,6,4,3
77,22,22,30,12,2
77,34,28,62,18,2
77,10,10,8,8,1
77,36,36,84,18,3
77,14,14,6,4,1
77,22,24,42,10,1
77,48,48,94,30,14
77,52,48,86,30,5
77,22,14,10,6,3
77,22,24,46,12,34
77,44,44,92,22,10
77,11,12,8,4,1
77,48,48,86,28,9
77,44,36,78,26,1
77,10,16,4,4,1
77,44,42,74,30,1
77,52,30,58,16,2
77,22,16,16,6,3
77,52,30,72,22,1
77,38,38,92,20,1
77,21,20,20,10,12
77,12,14,6,4,5
77,22,22,42,10,8
77,52,46,72,28,1
77,12,12,6,4,12
77,52,48,70,30,1
77,48,52,90,28,11
77,10,14,4,4,5
77,44,44,96,22,10
77,48,48,98,30,26
77,48,46,80,28,1
77,44,44,78,26,1
77,22,16,16,8,1
77,30,26,52,14,1
77,42,42,92,20,10
77,20,20,20,10,3
77,39,39,86,20,3
77,18,22,14,6,3
77,52,40,74,26,1
77,52,12,10,8,3
77,52,44,90,26,9
77,22,12,8,4,1
77,10,12,4,2,2
77,10,24,12,8,1
77,14,14,60,8,1
77,52,24,58,20,1
77,52,8,8,8,2
77,52,24,30,16,1
77,44,52,78,26,1
77,45,45,94,23,23
77,20,20,6,4,24
77,22,18,38,8,1
77,22,22,38,10,4
77,33,29,74,14,1
77,12,28,10,4,1
77,46,28,52,20,1
77,14,14,10,8,1
77,52,46,92,28,2
77,48,48,82,30,3
77,14,12,10,8,2
77,22,16,24,6,1
77,43,43,94,21,12
77,12,12,12,4,1
77,24,24,34,14,5
77,42,42,100,20,3
77,52,32,74,22,1
77,50,40,76,24,1
77,14,22,16,8,1
77,22,20,18,6,1
77,48,44,86,26,4
77,10,10,4,4,2
77,22,22,34,10,1
77,48,52,82,30,2
77,52,30,60,16,6
77,52,38,84,24,2
77,52,16,10,4,2
77,40,40,94,18,2
77,22,22,38,12,11
77,20,24,36,10,1
77,43,43,90,21,4
77,22,14,6,4,1
77,41,41,90,19,2
77,22,18,22,8,1
77,48,48,98,28,3
77,52,40,74,28,1
77,22,16,18,8,1
77,29,29,82,11,1
77,36,16,14,6,1
77,48,48,82,28,5
77,46,34,68,18,1
77,39,43,86,21,1
77,52,34,48,24,1
77,52,40,78,26,1
77,40,28,58,18,1
77,48,40,90,24,1
77,52,44,82,26,3
77,52,30,66,16,7
77,26,26,80,14,1
77,52,8,8,4,1
77,14,14,8,4,1
77,13,12,8,6,1
77,15,14,10,6,1
77,10,18,8,4,2
77,46,42,88,22,1
77,44,44,96,30,8
77,52,44,66,30,1
77,14,14,18,6,1
77,52,32,74,24,1
77,14,14,10,4,2
77,50,50,96,30,6
77,52,48,86,28,11
77,22,16,16,10,2
77,50,52,96,30,10
77,36,36,88,14,4
77,14,16,12,4,1
77,52,48,78,30,1
77,44,52,90,28,3
77,22,12,8,6,2
77,43,39,90,19,1
77,40,40,98,18,2
77,10,10,6,4,2
77,52,44,82,28,7
77,39,35,78,22,1
77,48,52,78,28,2
77,52,48,90,30,16
77,22,12,12,8,1
77,22,20,20,6,1
77,48,30,54,18,1
77,52,26,52,12,1
77,22,12,12,6,4
77,52,34,72,20,4
77,50,48,92,28,2
77,52,48,82,28,2
77,27,20,20,10,1
77,52,44,86,28,2
77,52,44,74,26,3
77,31,31,78,12,1
77,12,12,8,4,18
77,44,52,86,28,1
77,50,44,68,26,1
77,48,48,90,28,15
77,10,18,6,6,1
77,52,34,60,24,1
77,18,22,18,8,2
77,48,48,78,28,2
77,37,37,88,15,1
77,52,40,82,26,2
77,52,30,64,16,13
77,16,18,6,4,1
77,20,22,36,10,7
77,39,39,94,17,2
77,44,32,22,18,1
77,50,44,84,28,1
77,25,20,20,10,2
77,10,12,8,8,1
77,22,20,42,10,3
77,22,20,38,10,1
77,22,10,6,4,5
77,18,40,8,6,1
77,18,22,38,10,1
77,48,40,50,28,1
77,48,44,82,28,4
77,18,18,12,6,1
77,20,24,32,10,3
77,10,12,30,10,1
77,35,35,86,20,1
77,50,52,92,30,5
77,46,46,100,30,1
77,40,40,84,24,1
77,52,12,12,6,2
77,12,16,6,4,1
77,12,12,10,8,2
77,12,12,4,4,5
77,16,18,4,4,1
77,22,10,6,6,1
77,11,10,10,4,1
77,22,24,42,12,11
77,46,46,92,24,4
77,21,18,32,12,1
77,16,10,4,4,1
77,46,26,34,16,1
77,20,20,36,8,2
77,44,48,86,28,3
77,16,16,10,4,2
77,19,24,36,8,1
77,52,52,74,30,4
77,52,32,70,22,1
77,44,22,60,10,1
77,52,32,78,20,1
77,14,14,18,8,4
77,23,20,20,10,1
77,44,44,70,24,1
77,12,8,8,4,1
77,41,41,94,19,3
77,44,52,78,28,2
77,22,52,20,10,1
77,46,34,72,24,1
77,48,36,58,20,2
77,48,40,78,24,2
77,22,22,26,10,1
77,52,52,78,30,4
77,22,10,10,6,2
77,26,20,32,12,1
77,14,14,88,6,1
77,52,52,82,30,7
77,12,16,4,2,1
77,32,32,84,14,1
77,38,38,84,16,1
77,31,31,74,16,2
77,10,12,10,4,1
77,12,16,10,4,1
77,14,12,10,4,4
77,12,12,22,12,1
77,29,29,74,14,2
77,52,34,62,18,1
77,28,50,50,18,1
77,35,35,82,14,2
77,12,14,8,4,3
77,12,12,12,8,1
77,40,44,50,22,1
77,20,14,8,8,1
77,52,40,78,28,3
77,28,28,76,12,1
77,52,15,14,12,1
77,52,42,88,28,1
77,52,12,6,6,1
77,29,29,78,12,2
77,52,48,78,28,2
77,10,12,16,8,1
77,26,26,96,14,2
77,32,32,76,16,1
77,45,45,102,23,8
77,52,21,39,20,1
77,41,41,102,19,3
77,20,22,20,10,6
77,44,42,80,24,1
77,14,14,30,10,1
77,52,22,40,20,2
77,42,48,76,26,1
77,21,14,22,8,1
77,48,48,86,26,2
77,52,48,82,30,3
77,12,18,6,4,1
77,52,44,86,30,1
77,48,32,66,24,1
77,44,44,92,30,1
77,22,8,8,4,2
77,52,32,64,18,1
77,12,12,6,6,1
77,22,22,28,12,2
77,48,48,94,28,1
77,22,18,30,10,1
77,32,32,76,14,2
77,30,30,66,18,1
77,37,37,86,24,1
77,46,48,96,26,1
77,48,48,86,30,3
77,48,44,78,26,2
77,52,32,70,18,2
77,40,40,86,28,1
77,22,16,8,4,1
77,10,12,12,4,1
77,38,41,86,24,1
77,10,10,2,2,1
77,12,34,12,10,1
77,20,24,28,8,1
77,52,10,10,10,2
77,26,24,50,10,1
77,52,14,10,6,1
77,52,36,78,24,1
77,32,32,80,18,1
77,44,46,94,24,1
77,38,38,92,16,1
77,16,12,12,4,1
77,22,20,14,6,1
77,14,18,6,6,1
77,12,12,8,6,1
77,52,28,54,24,1
77,40,40,74,22,1
77,22,18,34,10,1
77,46,48,88,28,1
77,52,38,68,24,1
77,52,32,68,18,4
77,52,10,10,4,2
77,34,34,80,16,1
77,48,48,94,26,1
77,12,20,10,4,1
77,22,26,42,14,2
77,12,14,4,4,1
77,52,20,30,12,1
77,38,28,34,16,1
77,25,23,78,13,1
77,52,40,70,28,1
77,18,22,34,10,1
77,48,10,10,6,1
77,52,34,78,20,1
77,12,10,8,4,1
77,14,16,8,4,1
77,35,35,82,16,2
77,22,22,34,12,3
77,20,22,28,8,1
77,26,26,66,14,2
77,32,32,68,20,2
77,52,52,70,30,1
77,44,28,38,22,1
77,52,44,82,30,1
77,38,38,98,24,1
77,10,16,6,6,1
77,27,31,80,12,1
77,52,40,86,26,3
77,10,12,6,6,2
77,48,48,90,30,6
77,44,52,66,26,1
77,12,12,10,4,5
77,14,28,8,6,1
77,24,20,20,10,1
77,44,48,82,26,1
77,52,34,56,24,1
77,35,31,70,16,1
77,44,48,82,28,2
77,46,24,40,12,1
77,41,41,94,28,1
77,22,20,34,10,2
77,14,12,6,4,2
77,22,22,42,14,2
77,48,52,86,30,6
77,12,34,10,6,1
77,18,20,6,4,2
77,52,14,14,6,1
77,26,26,46,16,1
77,52,48,70,28,1
77,12,12,12,6,1
77,25,12,12,6,1
77,12,12,8,2,3
77,52,20,34,20,1
77,28,28,54,16,1
77,22,20,28,8,1
77,21,16,16,6,1
77,28,44,58,22,1
77,44,48,62,26,1
77,50,44,88,26,1
77,48,44,82,26,4
77,48,44,74,28,1
77,16,20,16,8,1
77,52,12,12,4,2
77,42,42,92,22,2
77,52,40,86,24,3
77,40,40,96,20,1
77,42,46,68,26,1
77,22,26,38,14,1
77,46,46,100,28,1
77,10,16,6,4,1
77,33,33,84,12,1
77,52,26,64,24,1
77,44,48,86,30,1
77,11,16,8,4,1
77,46,44,76,28,1
77,14,10,4,4,1
77,20,22,18,6,1
77,16,40,20,6,1
77,40,40,92,20,1
77,18,22,18,12,1
77,39,39,90,18,3
77,34,34,80,14,2
77,10,28,6,4,1
77,33,30,60,20,1
77,12,14,10,4,4
77,36,44,88,28,1
77,42,46,92,24,1
77,44,32,62,20,1
77,52,36,82,22,2
77,20,16,6,4,1
77,12,18,8,4,1
77,22,10,8,8,1
77,31,31,88,10,1
77,10,10,6,6,1
77,48,40,78,26,1
77,22,20,20,8,1
77,46,46,84,24,1
77,20,32,28,10,1
77,18,24,10,4,1
77,40,40,92,18,2
77,22,16,8,6,1
77,16,10,10,4,1
77,52,24,50,16,1
77,27,27,74,14,1
77,24,24,40,12,3
77,46,42,84,24,1
77,18,32,14,6,1
77,25,25,92,12,1
77,14,17,8,8,1
77,52,28,38,22,1
77,44,44,82,26,1
77,48,52,70,30,1
77,42,46,96,24,2
77,52,34,80,20,1
77,48,50,92,30,1
77,28,24,28,10,1
77,46,42,96,22,1
77,48,42,68,28,1
77,37,26,14,4,1
77,18,28,10,6,1
77,52,36,70,22,1
77,18,14,14,6,1
77,12,18,12,4,1
77,52,48,58,28,2
77,20,24,14,6,1
77,28,36,24,10,1
77,48,52,82,28,1
77,24,24,30,14,1
77,52,10,10,8,1
77,33,33,78,20,3
77,44,52,78,30,1
77,46,46,92,30,2
77,26,22,38,12,1
77,44,48,78,28,2
77,48,40,66,24,1
77,43,39,102,22,1
77,52,12,8,4,1
77,48,52,78,30,1
77,10,14,6,4,3
77,52,36,70,24,1
77,52,40,78,24,1
77,12,17,18,10,1
77,50,48,84,28,1
77,16,10,6,4,1
77,34,28,48,18,1
77,38,38,84,26,1
77,48,40,66,26,1
77,22,16,20,8,1
77,44,52,82,30,1
77,40,40,88,22,1
77,52,28,66,20,1
77,44,52,86,30,2
77,52,12,10,6,1
77,52,8,8,6,1
77,40,36,84,18,1
77,52,18,10,4,1
77,12,8,4,4,1
77,44,44,70,26,1
77,12,14,10,6,1
77,40,52,82,30,1
77,33,33,82,14,1
77,52,20,38,20,1
77,14,16,6,4,1
77,16,12,6,4,1
77,22,20,32,8,2
77,44,48,90,26,1
77,22,24,38,10,1
77,48,48,90,26,3
77,22,24,36,8,1
77,20,18,16,10,1
77,46,44,92,22,1
77,46,38,80,20,1
77,39,27,50,14,1
77,34,34,90,12,1
77,12,10,4,4,1
77,22,16,12,8,1
77,39,39,86,24,1
77,12,24,12,4,1
77,50,40,28,26,1
77,52,22,34,18,1
77,26,26,52,14,1
77,22,14,14,8,1
77,52,34,30,12,1
77,22,15,18,6,1
77,52,13,11,10,1
77,48,36,66,24,1
77,20,20,40,10,1
77,12,48,10,4,1
77,39,39,96,17,1
77,14,14,8,6,1
77,48,52,86,28,1
77,48,44,94,24,2
77,38,42,88,20,1
77,18,22,16,6,1
77,40,52,74,26,1
77,40,40,88,20,1
77,22,28,30,8,1
77,48,40,82,26,1
77,52,44,78,26,2
77,26,18,34,14,1
77,14,16,6,2,1
77,16,16,6,4,1
77,14,12,44,8,1
77,52,14,20,18,1
77,26,22,32,12,2
77,22,12,12,10,1
77,20,22,6,4,3
77,37,37,82,15,1
77,13,10,10,4,1
77,20,18,36,10,1
77,52,12,10,4,1
77,20,24,20,8,1
77,44,44,78,24,1
77,40,44,92,28,1
77,33,41,94,17,1
77,23,22,28,12,1
77,37,37,86,18,1
77,26,24,38,14,1
77,20,22,32,10,1
77,52,28,50,14,1
77,52,34,74,20,1
77,14,22,14,6,1
77,25,22,56,10,1
77,22,8,6,6,1
77,22,34,42,12,1
77,12,14,10,2,1
77,12,17,6,4,1
77,52,16,26,18,1
77,44,44,94,30,1
77,48,26,56,14,1
77,48,28,68,14,1
77,44,44,92,26,1
77,42,42,88,20,1
77,52,14,28,12,1
77,10,10,4,2,2
77,22,12,6,4,1
77,20,44,18,6,1
77,22,14,26,6,1
77,40,48,78,28,1
77,22,20,38,8,1
77,52,14,8,4,2
77,52,22,48,22,1
77,22,24,38,12,1
77,18,20,16,6,1
77,52,20,42,18,1
77,22,22,28,10,1
77,20,20,16,10,1
77,11,12,10,4,1
77,36,52,78,24,1
77,20,28,26,10,1
77,14,30,8,4,1
77,10,12,8,2,1
77,12,12,10,6,1
77,12,10,4,2,1
77,22,24,34,14,1
77,26,26,96,12,1
77,52,46,84,30,1
77,52,40,62,24,1
77,28,28,50,16,1
77,22,18,14,6,1
77,12,18,16,4,1
77,52,38,72,24,1
77,52,32,58,22,1
77,52,50,88,30,1
77,22,16,24,10,1
77,48,24,26,18,1
77,45,45,98,23,1
77,44,44,94,26,1
77,48,40,74,26,1
77,52,30,50,18,1
77,22,8,8,6,1
77,22,14,12,6,1
77,22,28,58,12,1
77,44,44,88,22,1
77,22,16,28,10,1
77,32,40,22,18,1
77,48,52,74,28,1
77,43,45,92,23,1
77,50,40,76,28,1
77,10,20,10,4,1
77,22,20,22,8,1
77,52,10,12,4,1
77,40,40,90,24,1
77,14,12,12,4,1
77,18,20,16,10,1
77,31,31,78,16,1
77,12,38,12,4,1
77,30,26,68,14,1
77,48,40,86,26,1
77,48,42,84,26,1
77,52,30,52,16,1
77,43,39,102,21,1
77,22,38,16,6,1
77,44,44,96,26,1
77,12,12,50,12,1
77,14,12,8,4,1
80,22,8,8,8,14
80,52,48,94,30,33
80,52,28,54,16,37
80,52,24,40,12,13
80,52,38,84,26,10
80,52,42,88,30,2
80,20,20,36,12,1
80,22,18,18,6,29
80,22,18,42,12,10
80,46,32,68,20,1
80,52,46,92,30,12
80,10,8,6,4,6
80,10,8,4,4,8
80,10,6,4,4,2
80,52,34,80,22,8
80,10,8,4,2,1
80,50,42,88,28,2
80,48,46,92,30,1
80,14,4,4,4,1
80,12,10,4,4,107
80,14,6,6,4,1
80,32,28,54,16,4
80,12,6,4,4,1
80,52,50,96,30,27
80,52,34,78,22,4
80,22,8,8,4,4
80,52,32,68,20,1
80,10,6,4,2,1
80,52,26,52,14,2
80,52,34,76,22,6
80,22,20,44,12,10
80,10,8,2,2,2
80,52,40,86,28,6
80,52,48,82,30,4
80,52,30,64,18,2
80,22,14,14,6,6
80,10,4,4,4,2
80,12,8,8,4,1
80,15,8,8,4,1
80,39,20,20,8,1
80,46,44,98,24,1
80,14,6,2,2,1
80,52,20,20,10,1
80,10,10,6,6,1
80,14,8,4,4,3
80,20,20,20,8,2
80,14,10,4,2,20
80,12,8,6,4,4
80,48,40,74,26,1
80,52,42,88,28,12
80,52,24,24,12,1
80,37,20,20,8,1
80,22,16,16,6,3
80,15,8,4,4,1
80,20,8,4,4,1
80,48,28,54,16,1
80,52,30,76,20,1
80,10,14,6,4,9
80,14,10,4,4,260
80,18,22,18,6,18
80,22,12,12,6,3
80,52,52,98,30,12588
80,32,32,76,16,165
80,10,10,4,4,735
80,22,22,46,12,5546
80,14,18,10,4,3
80,12,10,8,4,213
80,10,10,6,4,414
80,52,52,94,30,403
80,12,12,66,12,2
80,52,48,94,28,96
80,14,10,6,4,76
80,12,10,6,4,250
80,48,48,98,30,83
80,48,52,94,28,79
80,10,10,2,2,126
80,52,12,10,4,3
80,41,41,82,19,2
80,13,10,6,4,2
80,22,26,42,14,3
80,22,20,20,10,42
80,14,22,8,6,2
80,48,52,94,30,75
80,41,41,90,19,5
80,12,14,8,4,5
80,12,12,46,12,30
80,32,30,74,16,1
80,10,10,8,4,123
80,14,12,6,6,12
80,48,48,98,26,162
80,43,43,94,21,6
80,10,10,4,2,211
80,11,12,6,4,1
80,37,37,90,22,1
80,52,44,78,26,3
80,10,12,6,4,46
80,25,23,78,13,2
80,12,12,58,10,2
80,12,10,10,4,67
80,11,10,4,2,1
80,11,10,10,4,38
80,30,28,54,16,1
80,14,12,4,4,8
80,24,24,40,12,157
80,52,48,90,28,36
80,52,52,90,30,101
80,28,48,62,24,1
80,12,14,6,4,7
80,14,14,18,8,8
80,14,12,6,4,20
80,48,42,84,24,1
80,48,44,74,26,1
80,52,52,86,30,34
80,12,12,4,4,8
80,22,18,42,10,17
80,24,22,30,10,1
80,52,38,72,28,1
80,52,48,78,28,4
80,15,10,10,4,5
80,52,44,74,30,1
80,10,10,10,4,14
80,16,10,6,4,34
80,46,46,100,24,54
80,46,46,96,24,92
80,14,12,50,12,4
80,10,11,4,4,1
80,23,12,8,4,1
80,10,16,6,4,4
80,52,44,62,26,1
80,22,22,42,12,99
80,44,44,96,26,2
80,22,16,20,6,4
80,48,52,90,30,14
80,12,12,12,6,10
80,48,48,82,26,5
80,14,12,58,10,4
80,12,12,54,8,3
80,15,12,50,12,2
80,52,34,30,22,1
80,10,24,6,4,2
80,10,14,8,4,2
80,22,24,46,12,10
80,44,42,76,24,1
80,52,48,86,28,14
80,10,12,4,4,17
80,48,52,82,28,7
80,12,12,22,12,4
80,37,37,86,20,1
80,10,12,4,2,9
80,10,16,4,4,4
80,14,20,10,4,2
80,16,10,4,4,9
80,14,10,8,4,23
80,52,36,74,26,2
80,10,12,2,2,3
80,18,18,6,4,9
80,30,30,74,16,1
80,12,12,6,4,23
80,36,36,84,16,1
80,14,28,6,4,1
80,22,19,36,10,1
80,22,22,42,10,6
80,52,12,20,14,1
80,30,30,80,18,15
80,12,10,4,2,31
80,32,10,10,4,1
80,50,52,96,30,11
80,16,10,4,2,2
80,52,44,86,26,9
80,44,44,86,22,1
80,48,48,90,28,9
80,14,12,8,4,13
80,10,12,8,4,20
80,18,16,58,12,4
80,10,24,8,4,1
80,25,21,78,11,7
80,52,52,82,30,16
80,14,12,16,6,4
80,22,14,17,10,1
80,52,18,18,8,1
80,52,36,78,24,1
80,52,52,78,30,6
80,19,24,36,10,1
80,12,12,50,12,11
80,52,40,82,26,5
80,22,20,32,10,1
80,18,18,8,4,1
80,52,48,82,28,4
80,52,50,92,30,3
80,12,12,16,6,7
80,52,32,58,24,1
80,12,12,34,8,2
80,52,40,62,26,1
80,52,18,21,12,1
80,32,28,72,16,3
80,48,44,82,28,1
80,10,32,8,4,1
80,30,26,76,18,1
80,14,26,8,8,1
80,20,18,16,8,1
80,44,44,98,22,5
80,14,14,6,4,8
80,10,14,4,4,6
80,16,10,10,4,9
80,48,40,74,24,1
80,48,44,74,28,3
80,36,36,84,14,8
80,52,30,66,18,7
80,52,14,10,4,3
80,22,22,32,12,17
80,41,41,94,19,3
80,48,48,98,28,12
80,31,31,74,18,2
80,14,14,18,4,2
80,11,10,6,4,4
80,14,14,14,8,3
80,48,44,90,24,2
80,52,12,12,4,4
80,52,24,54,22,1
80,12,12,8,4,17
80,48,48,94,26,4
80,22,16,16,10,12
80,22,18,38,10,10
80,18,12,12,6,1
80,18,12,12,8,1
80,14,16,6,6,1
80,14,10,10,4,22
80,14,28,8,4,1
80,32,24,60,16,1
80,52,40,86,26,3
80,48,42,88,24,1
80,26,24,38,14,1
80,22,10,10,8,1
80,14,10,6,2,1
80,48,48,78,30,1
80,52,16,14,10,1
80,26,26,72,14,1
80,44,44,96,30,11
80,18,10,4,2,2
80,18,18,18,6,17
80,28,28,76,12,4
80,48,48,94,30,10
80,22,16,28,10,1
80,18,14,18,8,1
80,14,11,6,6,1
80,52,48,86,30,6
80,12,12,54,10,4
80,24,20,6,4,7
80,45,18,20,6,1
80,14,14,8,6,3
80,16,12,4,4,3
80,12,12,12,4,14
80,32,32,72,16,3
80,32,28,68,16,1
80,14,12,10,10,1
80,52,24,46,24,1
80,12,18,6,4,1
80,14,14,48,14,7
80,16,12,12,10,1
80,52,32,54,24,2
80,14,14,52,12,6
80,52,40,78,26,4
80,42,42,92,20,2
80,10,10,30,10,3
80,20,20,20,10,8
80,52,32,40,20,2
80,18,16,50,16,1
80,52,32,74,22,1
80,14,16,4,4,2
80,14,12,12,6,4
80,18,20,6,4,1
80,52,10,8,6,2
80,42,52,80,30,1
80,52,44,82,30,2
80,46,46,84,24,1
80,14,14,10,4,1
80,10,24,10,4,1
80,20,20,6,4,11
80,12,12,12,8,13
80,13,10,10,4,3
80,11,11,50,8,3
80,50,50,96,30,19
80,52,30,36,26,1
80,14,14,4,4,3
80,12,12,20,6,1
80,14,12,58,8,4
80,52,18,14,8,2
80,52,36,41,24,1
80,52,36,20,8,1
80,44,52,86,30,3
80,26,22,42,14,2
80,10,40,8,4,1
80,22,24,34,12,2
80,20,44,48,22,1
80,44,48,82,26,4
80,52,52,74,30,3
80,52,26,56,18,1
80,48,52,90,28,21
80,52,46,92,28,3
80,45,43,100,23,3
80,30,32,72,16,1
80,26,26,80,16,1
80,22,12,14,6,1
80,44,44,98,28,3
80,52,40,74,24,2
80,22,18,18,8,1
80,52,40,82,24,2
80,14,14,14,4,1
80,37,37,86,24,1
80,15,14,52,12,2
80,14,12,2,2,1
80,46,46,92,24,2
80,14,14,18,6,2
80,14,28,8,6,1
80,20,22,20,10,3
80,48,44,94,28,1
80,22,10,12,6,2
80,52,34,72,22,4
80,14,12,10,4,1
80,22,46,20,10,1
80,16,12,8,4,6
80,11,11,56,10,2
80,44,44,92,22,11
80,52,36,56,20,1
80,30,30,80,20,1
80,12,12,8,8,1
80,12,14,10,8,1
80,12,10,8,6,3
80,52,23,37,22,1
80,52,18,9,8,1
80,14,17,6,2,1
80,14,16,14,6,2
80,22,16,12,6,1
80,41,41,86,19,2
80,12,18,10,6,1
80,12,12,42,12,23
80,10,14,12,4,1
80,44,44,98,26,2
80,22,12,6,4,2
80,45,45,94,23,11
80,52,30,68,24,1
80,20,22,36,10,2
80,10,18,12,4,1
80,10,12,6,6,7
80,14,12,8,8,4
80,48,48,86,26,9
80,40,52,86,28,3
80,18,12,4,4,1
80,44,52,86,28,3
80,32,28,22,12,1
80,22,22,38,12,9
80,48,48,86,28,4
80,22,14,8,6,2
80,52,44,90,28,11
80,52,36,82,24,3
80,15,14,48,14,2
80,16,10,8,4,7
80,13,12,6,4,1
80,22,22,30,12,1
80,20,22,32,10,1
80,22,12,12,4,2
80,21,20,20,10,2
80,16,22,6,4,1
80,11,12,12,6,1
80,48,48,82,28,2
80,12,12,10,8,2
80,22,28,20,8,1
80,52,34,70,22,2
80,52,16,16,6,1
80,48,48,90,30,5
80,13,12,8,4,1
80,44,52,90,26,5
80,44,44,96,22,9
80,14,14,24,14,4
80,48,44,94,26,2
80,24,22,38,12,2
80,22,16,24,6,1
80,22,16,14,6,1
80,48,13,13,6,1
80,52,10,10,6,1
80,22,10,6,4,4
80,18,24,18,6,2
80,28,48,22,8,1
80,10,26,8,6,1
80,12,12,16,8,5
80,36,36,80,22,1
80,52,40,28,26,1
80,52,48,74,30,1
80,40,44,94,22,1
80,10,48,10,4,1
80,14,12,12,10,2
80,52,44,90,26,6
80,52,40,70,30,1
80,52,40,50,26,1
80,12,22,10,4,1
80,10,16,6,6,1
80,52,20,24,18,1
80,28,28,76,14,1
80,26,26,52,14,4
80,11,12,8,6,1
80,52,10,8,4,3
80,14,14,6,6,5
80,10,14,6,6,3
80,16,16,50,10,1
80,22,14,6,4,1
80,12,12,48,12,1
80,22,18,18,10,1
80,10,22,10,6,2
80,52,40,74,26,1
80,16,12,10,4,1
80,10,11,8,4,1
80,22,16,8,6,1
80,14,14,28,10,2
80,44,48,86,26,3
80,52,40,78,30,1
80,22,20,24,6,2
80,52,32,70,26,2
80,44,52,90,28,9
80,52,32,28,22,1
80,48,48,90,26,8
80,46,30,68,20,1
80,52,32,78,24,1
80,10,12,10,4,3
80,52,30,46,26,1
80,52,32,54,28,1
80,12,12,10,6,3
80,20,22,6,4,2
80,14,20,8,4,1
80,52,32,70,24,1
80,35,35,82,16,1
80,22,17,16,6,1
80,43,43,90,21,4
80,44,52,74,26,1
80,52,28,50,16,2
80,22,14,10,6,2
80,22,16,24,10,1
80,52,36,58,26,1
80,14,12,8,2,1
80,52,10,8,2,1
80,52,48,74,28,2
80,50,50,94,30,1
80,52,28,34,24,1
80,52,22,26,26,1
80,52,40,78,28,2
80,20,10,10,4,1
80,41,41,94,23,1
80,48,52,86,30,5
80,38,52,84,26,1
80,20,24,32,8,1
80,48,52,86,28,4
80,14,12,4,2,6
80,40,44,86,22,1
80,52,44,82,26,2
80,33,33,78,20,2
80,10,13,4,4,2
80,48,50,92,28,1
80,46,48,96,30,1
80,48,52,78,30,2
80,14,14,56,8,2
80,18,12,8,4,1
80,16,12,6,4,2
80,14,13,10,6,1
80,14,18,8,6,1
80,10,12,20,8,1
80,14,8,2,2,1
80,10,12,8,8,1
80,52,32,40,18,1
80,12,12,20,4,3
80,52,28,74,22,1
80,10,12,8,6,3
80,22,12,18,6,1
80,12,12,30,10,3
80,12,20,6,4,1
80,39,39,86,20,2
80,48,44,86,26,5
80,40,40,88,18,3
80,12,20,10,4,2
80,44,48,90,24,1
80,10,14,8,2,1
80,52,40,82,28,3
80,12,16,6,6,1
80,52,24,36,22,1
80,12,12,32,12,1
80,12,10,10,6,1
80,10,10,26,8,1
80,11,14,6,4,1
80,52,32,66,26,2
80,14,12,10,8,2
80,45,41,90,21,1
80,52,50,88,30,3
80,46,48,88,26,1
80,50,22,14,8,1
80,46,29,40,18,1
80,33,41,78,19,1
80,52,28,28,16,1
80,42,42,88,20,3
80,14,16,6,4,4
80,52,48,78,30,2
80,14,10,6,6,2
80,22,28,42,12,1
80,14,16,8,6,1
80,52,32,34,26,1
80,10,22,8,4,1
80,22,16,24,8,1
80,52,48,90,30,16
80,37,37,82,20,1
80,32,32,62,22,1
80,52,12,10,6,2
80,52,44,86,28,2
80,22,20,42,12,1
80,52,12,8,6,1
80,48,44,82,24,1
80,10,22,6,4,2
80,10,11,10,6,1
80,10,6,2,2,1
80,52,16,14,6,1
80,52,44,78,28,2
80,22,14,20,6,1
80,34,34,88,14,1
80,38,18,18,8,1
80,52,32,54,26,1
80,26,26,104,12,1
80,12,11,10,4,1
80,39,39,90,17,2
80,20,22,44,12,4
80,18,18,58,16,1
80,52,30,32,26,1
80,22,16,20,10,2
80,14,14,56,10,3
80,12,16,8,6,2
80,12,14,44,8,1
80,52,52,66,30,3
80,14,16,10,4,1
80,12,12,4,2,1
80,23,22,32,12,7
80,22,30,18,8,1
80,52,10,18,8,1
80,52,30,68,22,1
80,10,30,6,6,1
80,15,14,6,4,1
80,44,52,86,26,2
80,20,20,4,4,1
80,40,44,74,22,1
80,22,18,34,12,2
80,52,12,12,6,4
80,48,48,74,28,1
80,52,32,64,20,1
80,10,18,8,4,2
80,27,27,78,12,1
80,20,10,6,4,2
80,50,48,80,28,2
80,14,14,44,14,3
80,12,11,8,6,1
80,42,46,92,24,3
80,16,14,14,6,1
80,40,52,82,26,2
80,12,12,74,10,1
80,12,16,12,4,2
80,52,24,36,23,1
80,52,32,74,26,1
80,52,16,20,16,1
80,44,52,60,24,1
80,14,12,54,10,2
80,52,10,10,10,1
80,12,14,2,2,1
80,30,28,40,14,1
80,12,12,10,4,3
80,25,20,20,10,2
80,46,38,88,24,1
80,37,37,90,16,1
80,14,17,8,8,1
80,18,18,28,14,1
80,10,10,10,6,2
80,20,18,6,4,2
80,52,26,20,24,1
80,14,14,14,6,2
80,22,18,38,8,2
80,37,37,90,19,1
80,41,41,92,21,1
80,26,26,66,14,1
80,52,20,62,20,1
80,48,48,94,28,1
80,33,33,78,16,1
80,52,36,70,26,1
80,10,25,8,4,1
80,16,16,16,8,2
80,18,22,16,6,1
80,52,24,12,6,1
80,48,44,82,26,2
80,52,48,66,28,1
80,40,46,52,22,1
80,52,48,58,30,1
80,52,28,46,24,1
80,52,36,52,20,1
80,52,22,26,20,1
80,39,39,86,22,2
80,50,44,90,30,1
80,10,22,6,6,1
80,52,26,44,20,1
80,26,24,48,14,1
80,14,12,38,12,1
80,36,32,80,12,1
80,16,16,50,16,6
80,44,46,76,22,1
80,14,14,8,4,3
80,52,22,12,6,1
80,22,20,32,12,1
80,14,15,16,4,1
80,22,18,38,12,1
80,41,45,82,21,1
80,22,10,10,4,3
80,23,21,78,11,1
80,48,48,58,28,1
80,20,14,14,10,1
80,52,36,74,28,1
80,52,42,76,28,1
80,52,32,42,24,1
80,39,39,96,17,1
80,12,22,10,6,1
80,52,40,74,30,1
80,22,20,20,6,1
80,22,22,8,6,1
80,12,16,6,4,3
80,52,16,19,14,1
80,52,36,62,24,2
80,10,10,18,8,1
80,52,32,52,20,1
80,22,16,20,8,2
80,14,12,8,6,2
80,52,44,82,28,2
80,44,36,80,26,1
80,37,37,92,15,1
80,19,14,48,14,1
80,28,28,72,16,1
80,36,30,44,16,1
80,44,48,78,24,1
80,46,52,92,30,2
80,18,22,14,6,2
80,25,22,32,12,2
80,43,43,86,22,1
80,24,24,34,14,2
80,52,32,46,26,1
80,10,16,8,8,1
80,13,16,8,4,1
80,44,52,78,28,1
80,12,16,8,4,1
80,26,24,34,14,1
80,52,28,25,20,1
80,20,20,40,10,2
80,12,12,12,10,2
80,12,12,30,6,4
80,8,24,6,6,1
80,37,37,88,15,1
80,22,22,42,14,1
80,52,44,74,26,2
80,22,14,30,12,1
80,52,10,10,4,3
80,14,18,6,4,2
80,10,12,6,2,2
80,52,14,16,10,1
80,52,36,22,26,1
80,17,11,60,10,1
80,12,12,8,6,4
80,52,32,74,24,1
80,12,11,4,4,1
80,52,20,42,26,1
80,52,40,66,26,1
80,14,11,6,4,1
80,48,48,86,30,2
80,28,52,46,22,1
80,52,34,74,22,2
80,12,14,8,6,1
80,44,50,88,28,1
80,44,40,82,28,1
80,52,32,56,20,1
80,44,48,78,28,1
80,22,12,4,4,1
80,23,20,8,4,1
80,12,6,6,4,1
80,12,12,26,10,2
80,38,38,88,18,1
80,22,20,36,10,3
80,14,14,72,14,1
80,44,40,58,24,1
80,12,12,28,8,1
80,48,44,86,24,2
80,48,52,82,30,1
80,48,44,74,24,1
80,52,30,64,20,1
80,48,18,18,10,1
80,12,10,2,2,2
80,52,18,19,14,1
80,48,40,74,22,1
80,42,42,96,20,1
80,33,33,82,16,1
80,36,12,12,6,1
80,52,36,50,18,1
80,14,14,52,14,2
80,52,12,22,12,1
80,52,36,74,24,1
80,52,34,56,22,1
80,18,22,12,6,2
80,44,52,82,26,1
80,22,14,14,10,2
80,46,42,96,22,1
80,15,10,14,8,1
80,10,17,8,6,1
80,28,28,54,16,1
80,48,32,62,26,1
80,25,25,104,12,1
80,39,24,40,12,1
80,10,8,8,4,1
80,18,10,8,4,1
80,10,13,6,4,1
80,52,28,42,16,1
80,22,12,8,4,1
80,50,22,28,14,1
80,52,36,54,24,2
80,12,12,36,12,1
80,10,14,6,2,1
80,40,40,94,18,1
80,12,13,8,4,1
80,16,12,12,8,1
80,52,50,84,30,1
80,19,26,26,8,1
80,12,12,6,2,1
80,24,24,48,14,1
80,46,52,84,30,1
80,44,52,90,30,1
80,22,17,12,10,1
80,14,14,4,2,1
80,48,52,78,28,1
80,52,16,14,8,1
80,22,24,14,8,1
80,48,40,58,26,1
80,22,24,42,12,2
80,52,44,90,30,5
80,14,12,20,8,1
80,52,12,12,8,2
80,11,10,26,8,3
80,18,24,8,2,1
80,50,52,92,30,3
80,44,48,86,28,1
80,22,28,14,6,1
80,16,10,10,6,1
80,12,12,2,2,2
80,48,52,74,28,1
80,52,40,60,20,1
80,52,44,70,28,1
80,52,12,8,4,1
80,34,34,88,20,1
80,14,14,56,12,1
80,52,13,10,4,1
80,14,12,8,10,1
80,22,14,6,6,1
80,41,41,90,20,2
80,44,46,76,26,1
80,48,50,80,30,1
80,48,36,50,24,1
80,14,14,48,10,1
80,52,34,60,20,1
80,14,12,20,6,1
80,22,15,24,6,1
80,24,18,6,4,1
80,18,16,54,14,1
80,14,14,60,10,1
80,52,36,58,24,1
80,52,48,62,30,1
80,52,12,10,8,1
80,14,12,26,10,1
80,22,14,16,6,1
80,14,16,30,6,1
80,36,32,64,16,1
80,12,8,4,4,2
80,38,38,56,18,1
80,40,52,74,26,1
80,16,14,12,4,1
80,16,16,54,12,1
80,52,38,68,26,1
80,40,48,82,24,1
80,24,22,32,12,1
80,21,20,20,8,1
80,52,32,62,24,2
80,11,24,8,4,1
80,40,40,88,20,1
80,22,20,32,8,1
80,29,12,10,4,2
80,52,17,25,14,1
80,52,40,44,22,1
80,46,46,92,30,1
80,30,24,52,14,1
80,22,14,8,4,2
80,20,18,16,10,1
80,48,36,62,24,1
80,22,18,30,10,1
80,48,36,70,22,2
80,52,32,48,20,1
80,44,52,82,28,1
80,28,32,72,14,1
80,52,32,66,24,1
80,35,35,94,15,1
80,12,12,64,8,3
80,52,28,16,8,1
80,12,12,52,12,1
80,15,16,6,2,1
80,52,48,70,30,1
80,22,22,38,10,2
80,12,12,40,8,1
80,14,28,10,4,1
80,16,14,52,10,1
80,52,22,38,10,1
80,52,16,18,10,1
80,52,30,45,18,1
80,22,26,34,14,1
80,32,32,80,16,1
80,52,14,8,4,1
80,52,20,12,6,2
80,52,26,32,22,1
80,52,8,8,4,1
80,46,42,92,22,2
80,22,22,34,12,2
80,14,12,10,6,1
80,12,14,12,6,1
80,52,24,24,18,1
80,10,14,14,4,1
80,52,14,10,6,2
80,22,16,17,10,1
80,16,30,8,4,1
80,11,14,8,6,1
80,10,20,10,4,2
80,26,26,96,12,1
80,12,8,6,6,1
80,32,48,66,24,1
80,28,28,76,16,1
80,44,48,94,26,2
80,52,32,58,26,1
80,11,12,4,4,1
80,50,52,84,30,2
80,32,24,40,12,1
80,52,36,42,26,1
80,10,14,4,2,1
80,52,40,46,24,1
80,46,46,96,26,1
80,44,44,94,26,1
80,52,28,20,20,1
80,52,34,48,24,1
80,10,18,6,6,1
80,48,40,70,24,2
80,52,10,6,4,1
80,52,30,36,20,1
80,52,19,25,18,1
80,40,40,96,22,1
80,46,30,72,20,1
80,48,42,84,26,1
80,22,18,12,6,1
80,31,31,74,16,1
80,48,30,16,6,1
80,52,32,34,20,1
80,52,48,70,28,1
80,44,42,68,28,1
80,52,14,10,14,1
80,22,10,8,4,1
80,22,12,10,8,1
80,52,50,80,30,1
80,11,10,8,4,1
80,44,44,74,26,1
80,52,28,62,22,1
80,45,45,90,23,1
80,12,15,10,4,1
80,22,18,26,6,1
80,52,38,64,28,1
80,52,14,16,4,1
80,38,44,72,20,1
80,12,16,4,4,1
80,40,50,76,26,1
80,44,52,74,28,2
80,38,48,80,28,1
80,40,52,82,24,1
80,52,22,18,14,1
80,34,34,80,18,1
80,52,16,12,8,1
80,22,12,8,6,1
80,11,12,10,6,1
80,52,24,36,20,1
80,18,14,24,14,1
80,12,14,10,6,1
80,48,32,74,22,1
80,14,21,6,4,1
80,18,24,12,6,1
80,48,50,92,30,1
80,46,26,70,14,1
80,52,20,11,18,1
80,14,8,8,4,1
80,44,40,92,28,1
80,52,18,14,6,1
80,18,16,58,8,1
80,22,16,6,4,1
80,52,26,40,24,1
80,44,46,68,24,1
80,20,22,12,4,1
80,52,28,42,22,2
80,52,28,54,20,1
80,18,18,46,12,1
80,42,42,96,24,1
80,18,16,20,6,1
80,19,20,12,8,1
80,52,36,46,28,1
80,10,44,8,4,1
80,30,30,62,18,1
80,44,38,64,26,1
80,40,44,66,24,1
80,52,30,66,16,1
80,48,36,82,24,1
80,14,8,22,8,1
80,24,22,26,8,1
80,52,32,42,26,1
80,10,30,12,6,1
80,52,46,80,30,1
80,29,29,76,16,1
80,12,12,82,10,1
80,46,34,74,22,1
80,52,28,30,22,1
80,22,18,34,8,1
80,46,28,54,16,1
80,18,14,18,6,1
80,48,48,78,26,1
80,13,12,12,4,1
80,44,48,82,28,1
80,11,10,4,4,1
80,26,22,32,12,1
80,18,10,6,4,2
80,52,18,30,18,1
80,40,44,70,24,1
80,44,48,82,24,1
80,48,52,66,30,1
80,14,18,6,6,1
80,44,52,62,26,1
80,44,46,92,24,1
80,52,42,80,28,1
80,48,46,84,26,1
80,14,22,8,4,1
80,36,36,84,18,1
80,10,16,8,4,1
80,39,39,92,17,1
80,52,30,32,20,1
80,52,29,20,8,1
80,10,13,8,4,1
80,22,16,28,8,1
80,14,14,54,12,1
80,38,44,64,22,1
80,52,36,26,20,1
80,30,30,76,14,1
80,52,40,74,28,1
80,52,22,22,18,1
80,14,13,6,4,1
80,44,48,70,28,1
80,48,44,78,26,1
80,19,22,30,8,1
80,48,44,78,24,1
80,12,14,8,8,1
80,52,19,12,8,1
80,24,24,94,10,1
80,44,46,80,24,1
80,22,12,16,6,1
80,22,19,12,6,1
80,42,46,68,24,1
80,48,46,88,28,1
80,14,16,10,2,1
80,52,20,22,14,1
80,16,24,8,4,1
80,42,40,84,20,1
80,52,24,46,14,1
80,10,17,6,6,1
80,22,17,14,6,1
80,22,14,12,6,1
80,39,39,86,24,1
80,52,30,30,28,1
80,22,16,16,8,1
80,20,20,18,10,1
80,52,12,14,4,1
80,12,12,16,4,1
80,52,16,36,18,1
80,52,20,44,22,1
80,52,20,23,17,1
80,44,40,62,24,1
80,41,34,96,22,1
80,46,52,20,8,1
80,14,11,6,2,2
80,52,14,14,8,1
80,18,32,18,6,1
80,52,26,42,18,1
80,22,19,14,6,1
80,11,11,52,10,1
80,40,40,98,22,1
80,52,33,23,30,1
80,25,20,6,6,1
80,44,52,66,28,1
80,22,22,28,10,1
80,18,26,18,6,1
80,32,32,68,16,1
80,32,32,76,18,1
80,15,12,26,10,1
80,14,24,8,4,1
80,52,40,70,26,1
80,52,32,34,24,1
80,16,12,8,6,1
80,46,24,48,24,1
80,18,14,14,6,1
80,12,16,10,6,1
80,52,40,52,22,1
80,52,32,66,22,1
80,14,15,8,4,1
80,52,48,54,28,1
80,14,20,14,8,1
80,40,38,96,20,1
80,22,32,42,12,1
80,12,14,10,4,1
80,12,28,10,4,1
80,22,14,12,4,1
80,18,18,10,6,1
81,52,28,54,16,9
81,52,24,40,12,10
81,12,8,6,4,1
81,22,8,8,8,27
81,52,46,92,30,4
81,52,44,90,30,7
81,22,18,42,12,8
81,52,30,58,18,1
81,52,32,68,20,4
81,52,30,66,18,1
81,52,38,84,26,1
81,52,26,50,14,1
81,22,18,18,6,32
81,52,50,96,30,22
81,22,20,44,12,10
81,52,36,82,24,3
81,40,38,80,30,1
81,52,48,94,30,36
81,46,24,40,12,3
81,22,10,10,4,4
81,52,26,52,14,1
81,22,12,13,8,1
81,10,10,4,4,13
81,22,22,32,12,65
81,22,22,46,12,8914
81,52,52,98,30,13069
81,52,44,90,26,8
81,45,45,94,23,40
81,46,46,96,24,211
81,23,22,32,12,43
81,46,44,98,24,1
81,46,46,100,24,100
81,44,44,96,22,25
81,52,32,50,20,1
81,48,48,98,26,49
81,22,22,42,10,8
81,52,44,86,26,11
81,52,50,92,30,2
81,25,23,74,13,1
81,46,52,92,30,3
81,52,52,94,30,322
81,52,16,22,12,1
81,18,20,6,4,2
81,34,34,80,22,5
81,52,48,82,28,2
81,52,48,90,28,33
81,48,48,94,28,1
81,22,22,42,12,110
81,48,28,72,14,1
81,43,43,94,21,16
81,25,21,78,11,27
81,50,52,96,30,8
81,48,48,94,30,6
81,22,24,46,12,30
81,48,48,78,26,3
81,29,29,78,16,17
81,48,48,86,28,4
81,52,52,86,30,17
81,52,12,14,12,1
81,31,31,74,18,12
81,14,10,6,4,3
81,35,35,82,14,5
81,42,42,96,20,3
81,48,52,94,30,74
81,39,39,86,24,3
81,12,10,10,4,8
81,24,24,40,12,4
81,52,52,90,30,79
81,18,22,18,6,30
81,12,10,6,4,13
81,22,14,8,4,2
81,35,35,86,16,3
81,52,44,90,28,10
81,48,48,98,30,39
81,48,32,54,26,1
81,36,36,80,22,2
81,10,12,6,4,2
81,52,48,94,28,114
81,20,20,40,10,1
81,26,20,20,10,3
81,39,39,90,18,4
81,52,40,86,24,3
81,50,50,96,30,9
81,22,12,12,10,1
81,12,14,10,4,1
81,22,14,14,6,3
81,52,48,90,30,18
81,52,52,74,30,2
81,22,18,42,10,40
81,14,22,10,6,1
81,38,38,92,24,1
81,30,26,76,18,2
81,14,10,4,4,6
81,46,52,88,30,1
81,52,48,86,28,11
81,14,14,10,6,1
81,18,20,18,6,1
81,52,28,64,16,1
81,22,22,38,10,5
81,52,10,10,8,1
81,10,10,8,4,5
81,24,24,82,10,1
81,15,15,92,10,1
81,39,39,86,17,5
81,22,20,20,10,45
81,22,20,36,10,3
81,14,8,4,4,1
81,42,42,100,20,1
81,48,48,90,28,6
81,24,22,32,10,2
81,44,44,92,22,15
81,22,14,12,8,1
81,12,12,28,12,1
81,14,10,10,6,1
81,18,18,18,6,15
81,48,52,90,30,28
81,52,30,56,16,5
81,52,30,58,16,2
81,38,38,94,24,10
81,40,40,92,18,3
81,20,20,6,4,27
81,52,16,17,16,1
81,45,45,102,23,2
81,30,30,66,18,2
81,46,46,92,24,5
81,22,12,6,4,2
81,41,41,90,20,2
81,32,32,76,18,2
81,36,36,88,18,2
81,52,36,82,22,8
81,36,36,88,16,1
81,41,41,94,22,1
81,10,12,4,4,2
81,52,36,58,24,2
81,41,41,102,19,1
81,30,30,76,18,2
81,20,20,20,10,7
81,22,20,36,12,1
81,24,22,28,10,1
81,25,18,48,10,1
81,22,6,6,4,1
81,52,34,80,20,5
81,11,12,10,4,1
81,32,32,76,14,3
81,44,48,82,26,1
81,48,48,98,28,9
81,36,36,98,22,2
81,52,30,64,16,5
81,22,26,46,12,1
81,22,10,8,6,3
81,20,20,44,12,1
81,26,26,66,14,5
81,20,22,28,8,1
81,12,14,8,4,2
81,24,24,94,12,6
81,48,48,90,26,5
81,32,32,84,14,2
81,26,22,42,14,10
81,46,46,88,24,3
81,52,30,66,16,8
81,52,30,60,16,5
81,44,52,82,30,2
81,20,20,36,12,1
81,48,52,94,28,24
81,44,44,96,30,21
81,52,34,74,20,1
81,35,35,86,17,1
81,34,34,88,14,2
81,10,10,4,2,4
81,48,52,78,30,3
81,29,26,60,16,2
81,10,10,2,2,9
81,40,40,102,18,2
81,44,48,78,28,1
81,52,44,86,30,2
81,22,18,38,10,2
81,24,28,32,8,1
81,20,22,20,10,14
81,26,26,80,14,4
81,52,12,12,8,2
81,52,44,86,28,5
81,12,10,4,2,1
81,41,41,90,21,1
81,18,22,38,10,1
81,52,52,82,30,8
81,52,40,78,24,2
81,52,30,60,26,1
81,27,27,74,14,2
81,33,33,78,16,3
81,22,14,10,6,2
81,38,38,92,16,2
81,48,52,86,28,6
81,25,20,20,10,2
81,48,44,90,28,1
81,12,16,62,12,1
81,20,22,44,12,4
81,48,52,90,28,10
81,38,38,90,24,2
81,22,14,16,6,1
81,26,22,32,12,4
81,48,48,62,26,1
81,48,48,90,30,6
81,14,14,8,4,1
81,48,36,62,22,1
81,31,31,82,12,1
81,21,14,28,8,1
81,41,41,90,19,4
81,12,12,6,4,4
81,33,33,82,16,2
81,44,44,88,22,1
81,12,12,10,4,2
81,43,43,90,21,2
81,12,10,8,4,5
81,52,34,74,22,1
81,48,52,82,28,2
81,30,30,80,18,12
81,14,12,6,6,1
81,18,22,14,6,2
81,45,41,74,23,1
81,29,29,82,14,2
81,18,24,18,6,4
81,45,33,74,19,1
81,52,10,10,10,1
81,22,18,30,8,1
81,44,52,86,30,3
81,20,22,6,4,4
81,48,12,20,10,1
81,52,38,84,24,1
81,14,14,18,8,7
81,40,44,88,22,1
81,14,28,12,4,1
81,40,46,48,24,1
81,44,52,90,30,5
81,40,52,86,28,1
81,52,42,88,26,17
81,52,10,10,4,2
81,44,36,70,22,1
81,18,20,18,8,1
81,24,24,34,14,8
81,42,42,88,20,2
81,35,35,88,14,1
81,38,32,44,16,1
81,10,12,6,6,3
81,52,30,60,20,1
81,50,52,92,30,1
81,10,10,10,4,5
81,22,20,40,10,1
81,52,40,40,20,1
81,52,44,74,28,1
81,36,36,84,18,5
81,52,14,12,10,1
81,41,41,90,22,1
81,44,44,98,22,4
81,48,28,50,24,1
81,22,22,42,14,3
81,18,18,34,10,1
81,22,22,34,12,1
81,22,18,14,6,2
81,42,42,92,20,7
81,20,28,28,10,1
81,10,10,6,4,4
81,52,18,25,18,1
81,44,52,90,28,3
81,40,36,62,20,1
81,42,46,88,22,1
81,30,34,76,16,1
81,18,22,34,12,2
81,46,38,92,22,1
81,52,14,10,8,1
81,12,12,12,4,3
81,18,22,28,12,1
81,21,20,20,10,11
81,44,48,86,30,1
81,52,52,78,30,2
81,18,10,6,2,1
81,40,40,88,20,1
81,46,42,96,24,2
81,14,10,8,4,4
81,22,18,34,10,2
81,30,8,8,4,1
81,44,48,86,26,2
81,48,40,82,22,1
81,48,52,86,30,7
81,22,24,42,12,2
81,48,14,10,4,1
81,36,36,84,14,2
81,22,16,16,10,2
81,32,24,34,14,1
81,12,12,8,4,1
81,38,38,88,18,2
81,48,16,12,6,1
81,12,10,14,8,1
81,22,22,38,12,8
81,16,12,14,4,1
81,52,48,86,30,3
81,10,12,8,6,1
81,20,22,36,10,5
81,52,40,86,26,3
81,48,52,82,30,1
81,52,32,70,18,3
81,22,10,10,6,4
81,43,43,90,22,4
81,52,14,14,8,2
81,44,44,92,30,1
81,46,28,54,16,1
81,42,42,88,22,2
81,52,42,80,30,1
81,52,28,32,20,1
81,50,48,92,28,1
81,52,16,14,12,1
81,12,16,6,4,1
81,40,36,34,20,1
81,52,28,54,14,2
81,52,32,68,18,2
81,42,46,92,22,1
81,36,40,84,16,1
81,16,10,10,4,1
81,40,42,54,20,1
81,22,12,10,4,1
81,52,18,25,14,1
81,10,20,8,4,1
81,35,25,50,14,1
81,30,30,76,12,1
81,48,16,10,6,1
81,22,19,20,6,1
81,52,44,78,30,1
81,33,33,82,12,1
81,22,12,4,4,1
81,52,12,14,8,1
81,35,35,90,24,2
81,46,42,92,22,1
81,48,44,82,24,2
81,48,48,86,30,2
81,30,30,76,14,3
81,46,48,80,26,1
81,22,10,10,8,1
81,32,32,80,16,1
81,25,22,84,12,2
81,41,41,94,19,2
81,48,48,82,28,2
81,42,42,92,24,1
81,12,24,10,6,1
81,44,44,98,26,2
81,11,15,19,8,1
81,22,22,14,4,1
81,52,46,84,28,1
81,16,10,8,4,1
81,52,46,92,28,1
81,16,12,74,10,1
81,38,46,80,22,1
81,22,18,24,10,1
81,48,44,82,26,2
81,39,39,90,17,1
81,26,22,38,14,3
81,16,26,14,8,1
81,48,40,74,26,1
81,44,52,82,28,1
81,10,16,6,4,1
81,11,10,10,4,1
81,22,14,34,8,1
81,52,34,72,20,3
81,52,14,14,4,1
81,22,20,38,14,1
81,50,44,76,28,1
81,22,12,6,6,1
81,44,38,86,20,1
81,12,10,4,4,1
81,12,14,6,4,1
81,22,18,38,12,2
81,40,28,60,24,1
81,42,42,48,26,1
81,52,20,40,16,1
81,16,10,6,6,1
81,22,20,32,10,2
81,52,34,78,20,2
81,52,34,76,20,4
81,45,41,90,21,1
81,33,33,78,20,4
81,20,20,16,10,1
81,22,16,16,6,4
81,32,32,76,16,2
81,29,29,70,18,1
81,25,25,98,12,4
81,48,44,82,28,3
81,52,44,82,26,3
81,52,48,82,30,3
81,23,18,28,10,1
81,48,40,78,26,1
81,33,33,82,14,2
81,32,32,86,12,1
81,52,12,16,6,1
81,22,10,8,4,2
81,52,40,82,26,2
81,48,36,62,24,1
81,48,44,86,24,2
81,48,48,94,26,1
81,48,42,84,26,1
81,52,50,84,30,1
81,35,35,82,16,1
81,22,18,38,8,1
81,12,12,4,4,1
81,33,33,84,16,1
81,10,12,8,4,2
81,52,46,88,28,2
81,42,46,88,24,2
81,22,22,28,12,1
81,25,17,74,10,1
81,50,48,88,28,2
81,48,40,54,22,1
81,20,22,22,10,1
81,52,14,8,4,1
81,14,14,48,14,1
81,52,12,10,4,2
81,22,14,24,8,1
81,52,44,74,26,1
81,52,44,78,26,1
81,16,12,26,10,1
81,20,18,6,4,1
81,50,36,64,24,1
81,12,12,12,6,1
81,52,44,70,28,3
81,52,14,10,4,1
81,40,40,88,18,1
81,24,24,12,4,1
81,52,38,80,24,1
81,40,40,94,18,3
81,39,39,94,17,1
81,37,37,94,20,1
81,39,39,86,22,2
81,22,18,28,8,1
81,42,52,88,30,1
81,48,44,50,28,1
81,16,12,12,6,1
81,16,16,12,4,1
81,37,37,86,18,1
81,25,22,32,12,5
81,52,42,84,26,1
81,38,22,60,18,1
81,40,40,92,20,1
81,14,10,4,2,1
81,50,48,80,28,1
81,38,48,52,24,1
81,48,46,80,28,1
81,52,44,82,28,3
81,22,26,42,14,1
81,22,12,12,8,1
81,12,22,8,4,1
81,46,52,80,28,1
81,22,10,6,4,1
81,34,34,88,12,1
81,52,28,62,20,1
81,52,40,44,24,1
81,52,14,12,6,2
81,10,20,4,4,1
81,22,8,8,4,2
81,22,20,38,12,1
81,12,24,12,4,1
81,44,44,58,22,1
81,20,24,14,6,1
81,14,24,12,8,1
81,52,48,78,28,1
81,22,14,14,8,1
81,22,14,6,6,1
81,33,33,82,21,1
81,20,15,12,8,1
81,30,24,34,14,1
81,52,16,28,10,1
81,27,24,84,12,1
81,35,35,82,17,1
81,14,12,8,4,2
81,52,18,16,12,1
81,14,11,8,8,1
81,46,36,90,20,1
81,22,16,16,8,1
81,27,20,20,10,1
81,34,34,88,18,2
81,48,40,86,26,1
81,35,41,54,18,1
81,52,44,82,30,1
81,30,38,76,24,1
81,25,29,74,16,1
81,52,40,78,26,3
81,12,10,12,6,1
81,22,22,14,6,1
81,22,14,22,6,1
81,22,20,34,12,1
81,12,12,50,12,1
81,48,44,86,28,1
81,31,31,84,14,2
81,22,16,24,10,1
81,52,40,82,28,1
81,52,12,12,4,1
81,52,10,8,4,1
81,22,26,34,12,1
81,36,32,80,18,1
81,52,10,8,6,2
81,44,10,12,4,1
81,16,20,6,4,1
81,46,52,92,28,1
81,44,52,86,26,1
81,26,26,74,12,2
81,50,40,76,26,1
81,48,44,78,28,1
81,44,46,76,26,1
81,48,48,74,28,1
81,16,26,6,4,1
81,16,12,34,6,1
81,14,52,10,4,1
81,48,44,86,26,1
81,18,20,18,10,1
81,44,52,86,28,2
81,10,10,6,6,3
81,52,16,38,14,1
81,52,24,46,16,1
81,26,26,48,14,1
81,41,41,94,24,1
81,52,40,62,26,1
81,52,40,74,26,1
81,36,36,90,16,1
81,26,26,52,14,1
81,10,12,8,8,2
81,22,22,96,10,1
81,19,14,20,6,1
81,48,48,66,28,1
81,37,37,86,20,1
81,22,24,34,10,1
81,28,28,72,16,1
81,52,42,72,30,1
81,10,12,2,2,1
81,46,42,92,24,1
81,14,12,42,12,1
81,38,38,88,16,1
81,36,36,90,14,1
81,12,12,12,8,1
81,52,36,48,22,1
81,48,44,94,24,1
81,12,8,4,4,1
81,48,46,72,28,1
81,12,12,34,6,1
81,14,10,14,4,1
81,31,31,78,16,1
81,22,10,12,6,1
81,10,34,8,4,1
81,52,44,62,28,1
81,32,32,68,20,1
81,35,35,92,14,1
81,18,22,6,4,1
81,39,35,82,16,1
81,52,18,44,16,1
81,44,36,82,24,1
81,52,16,28,12,1
81,40,40,98,18,1
81,25,21,74,12,1
81,52,34,76,26,1
81,46,44,76,22,1
81,41,41,82,20,1
81,45,45,86,23,1
81,52,36,82,26,1
81,22,20,18,6,1
81,27,27,74,12,1
81,52,44,66,28,1
81,48,44,70,24,1
81,52,12,18,6,1
81,18,18,14,6,2
81,26,26,96,12,2
81,52,32,78,24,1
81,18,24,10,6,1
81,14,22,14,8,1
81,12,16,10,4,1
81,52,16,16,8,1
81,14,12,50,12,1
81,48,24,58,24,1
81,20,24,30,10,1
81,40,52,78,28,1
81,18,30,14,6,1
81,52,48,78,30,1
81,10,30,8,4,1
81,52,26,54,24,1
81,48,40,74,28,1
81,46,46,92,30,2
81,20,18,16,8,1
81,50,44,72,26,1
81,44,12,8,4,1
81,52,40,70,26,2
81,44,36,50,22,1
81,48,48,56,26,1
81,52,42,56,28,1
81,48,52,78,28,1
81,50,36,80,22,1
81,22,16,20,6,1
81,20,24,28,12,1
81,24,24,48,14,1
81,22,24,32,12,1
81,25,25,98,10,1
81,12,40,12,4,1
81,14,34,8,2,1
81,52,8,8,4,1
81,36,28,78,18,1
81,40,40,92,22,1
81,36,36,92,14,1
81,52,40,82,24,1
81,52,16,10,4,1
81,46,42,96,22,1
81,29,29,78,12,1
81,22,10,6,6,1
81,16,22,16,10,1
81,48,36,70,20,1
81,21,21,78,11,1
81,41,16,22,12,1
81,52,36,62,24,1
81,20,24,32,10,1
81,28,28,86,14,1
81,32,32,80,12,1
81,10,8,2,2,1
81,52,44,54,30,1
81,52,14,14,12,1
81,52,36,66,28,1
81,39,39,90,20,1
81,45,37,86,22,1
81,12,12,42,10,1
81,52,48,74,28,1
81,52,52,70,30,1
81,22,18,34,12,1
81,41,41,82,19,1
81,52,38,64,26,1
81,52,12,8,4,1
81,44,52,90,26,1
81,37,37,90,15,1
81,46,23,52,18,1
