sample,barcode,reads,mean alignment
76,CCCGGG,9791,0.3998502025669833
77,CCCGGG,9261,0.39961127308066086
79,CCCGGG,9207,0.3997031244343072
81,CCCGGG,9039,0.39969760666740417
78,CCCGGG,8217,0.3996754695549877
80,CCCGGG,5604,0.3997858672376874
80,AA,999,0.13333333333333333
80,CAA,483,0.13333333333333333
80,TATCCTCTAA,156,0.3991452991452991
78,AT,100,0.31666666666666665
78,AACCGCAT,89,0.4
79,AACCGCAT,80,0.4
80,AAG,67,0.13333333333333333
80,T,64,0.20833333333333334
80,AT,61,0.2273224043715847
81,AACCGCAT,61,0.39999999999999997
79,AT,59,0.3220338983050847
77,CNCGGG,57,0.3894736842105263
77,AACCGCAT,56,0.39999999999999997
78,CC,52,0.13333333333333333
76,TGCCCAAGAA,43,0.39999999999999997
78,NCCGGG,42,0.4523809523809524
78,GATAGAGAAGCGAAATTAAGGTAGC,39,0.3666666666666667
76,ACCGGGAT,38,0.39999999999999997
78,GA,38,0.39999999999999997
77,CC,35,0.13333333333333333
76,AACCGCAT,35,0.4
76,GATAGAGAAGCGAAATTAAGGTAGC,34,0.3666666666666667
80,CC,34,0.1450980392156863
78,GCCCAAGA,34,0.33333333333333337
81,CNCGGG,33,0.3939393939393939
81,AT,32,0.30625
81,CC,31,0.13333333333333336
80,AACCTG,30,0.4
77,AT,30,0.24666666666666667
80,CAAG,29,0.13333333333333333
76,CCNGGG,29,0.3954022988505747
76,CCCNGG,28,0.39761904761904765
81,GATAGAGAAGCGAAATTAAGGTAGC,28,0.3666666666666667
80,C,28,0.15714285714285717
78,CCCGGN,28,0.39761904761904765
80,CCNGGG,27,0.3925925925925926
79,GA,27,0.4
78,CAA,27,0.13333333333333333
79,GCCCAAGA,26,0.3333333333333333
76,CC,26,0.15384615384615385
79,CC,25,0.13333333333333333
77,CCCNGG,25,0.3946666666666666
81,GA,25,0.3973333333333333
80,CCCNGG,24,0.3888888888888889
77,CCCGNG,24,0.39444444444444443
77,GATAGAGAAGCGAAATTAAGGTAGC,24,0.3666666666666667
77,TTCTGCCTAA,23,0.39999999999999997
79,TAT,22,0.2
79,GATAGAGAAGCGAAATTAAGGTAGC,22,0.36666666666666664
79,CCCGNG,22,0.39696969696969703
80,AAT,21,0.1523809523809524
78,ACCCGGG,20,0.4
79,TATG,20,0.2
77,ATTGGCATGCC,20,0.4
81,CCCGNG,20,0.4
76,CCCGNG,19,0.39649122807017545
77,CCCGGN,19,0.3929824561403509
81,AA,18,0.13333333333333333
80,NAA,18,0.13333333333333333
80,TG,18,0.26296296296296295
78,TTCTGCCTAA,17,0.39999999999999997
78,TATCCTCTAA,17,0.39999999999999997
79,CCCNGG,17,0.39999999999999997
81,CCCGGN,16,0.39166666666666666
77,GA,16,0.4
80,CCTG,16,0.38333333333333336
77,ATGCC,15,0.3333333333333333
81,NCCGGG,15,0.4666666666666667
77,NCCGGG,15,0.4666666666666667
76,ACCCGGG,15,0.3955555555555555
78,ATTGGCAT,15,0.4
76,ATTGGCATGCC,15,0.4
79,TTCTGCCTAA,14,0.39999999999999997
80,A,14,0.18571428571428572
80,CNCGGG,14,0.3904761904761905
76,AT,14,0.29523809523809524
78,CCCGNG,14,0.3904761904761905
77,GGGACCCGGG,14,0.3238095238095238
80,AACCGCAT,14,0.39999999999999997
77,GACCCGGG,14,0.34761904761904766
76,AA,13,0.13333333333333333
81,ATTGGCATGCC,13,0.4
76,NCCGGG,13,0.46153846153846156
81,T,13,0.19487179487179487
77,CAA,12,0.13333333333333333
81,CCCNGG,12,0.39999999999999997
79,CCCGGN,12,0.39999999999999997
78,GACCCGGG,12,0.3666666666666667
80,TAT,12,0.16666666666666666
76,C,12,0.17222222222222225
76,CNCGGG,11,0.4
77,GCCCAAGA,11,0.3333333333333333
80,CTG,11,0.40606060606060607
80,ACCCGGG,11,0.4
77,C,11,0.1515151515151515
81,CAA,11,0.13333333333333333
81,ATGCC,11,0.3333333333333333
80,G,11,0.2787878787878788
79,ATG,10,0.33333333333333337
76,CCCGGN,10,0.4
81,GACCCGGG,10,0.32666666666666666
81,GGGACCCGGG,10,0.32666666666666666
78,AA,10,0.13333333333333333
78,ATGCC,10,0.33333333333333337
80,ACCTG,10,0.4666666666666667
77,T,10,0.24
78,TTA,10,0.13333333333333333
80,GACCCGGG,10,0.36
77,TGCCCAAG,9,0.26666666666666666
79,GACCCGGG,9,0.37777777777777777
80,TAA,9,0.13333333333333333
78,ATTGGCATGCC,9,0.4
79,GGGACCCGGG,9,0.3259259259259259
79,ATTGGCAT,9,0.4
80,CCC,9,0.16296296296296298
76,GA,9,0.4
76,GGGACCCGGG,8,0.3333333333333333
81,A,8,0.14166666666666666
78,T,8,0.22499999999999998
80,ACCCGGAAAGGAGTAAAGGTTGAATATAA,8,0.4666666666666667
78,CCCNGG,8,0.4
81,GCCCAAGA,8,0.3333333333333333
80,CCCAGG,8,0.4
76,GACCCGGG,8,0.3416666666666667
79,CAA,8,0.13333333333333333
80,CCCGGN,7,0.39999999999999997
80,AAAACCTG,7,0.39999999999999997
78,CNCGGG,7,0.39999999999999997
81,CCNGGG,7,0.39999999999999997
80,CCCGNG,7,0.3904761904761905
80,AAA,7,0.13333333333333333
78,C,7,0.14285714285714285
81,ATTGGCAT,7,0.39999999999999997
80,GGGACCCGGG,7,0.3238095238095238
78,AAG,7,0.13333333333333333
80,GATAGAGAAGCGAAATTAAGGTAGC,7,0.3666666666666667
76,CCC,6,0.19999999999999998
77,AACA,6,0.13333333333333333
78,GGGACCCGGG,6,0.3333333333333333
76,ATGCC,6,0.3333333333333333
77,AA,6,0.13333333333333333
77,A,6,0.13333333333333333
80,AGA,6,0.14444444444444446
76,T,6,0.2111111111111111
81,TTCTGCCTAA,6,0.39999999999999997
79,CCCG,6,0.19999999999999998
79,T,6,0.22222222222222224
80,NCCGGG,6,0.4666666666666666
79,TTCTGCCTAATCTTTNNNNNNNNNNNNNN,5,0.4
80,AACCTGAAT,5,0.4133333333333334
80,GCCCAAGA,5,0.33333333333333337
80,CTAGTACGAA,5,0.4
77,CCTGGG,5,0.4
76,TTCTGCCTAA,5,0.4
81,ACCCGGG,5,0.4
80,NNNCCCAA,5,0.2
81,C,5,0.2
79,ACCCGGG,5,0.4
80,GA,5,0.38666666666666666
77,AGGATCCAACCTCTTTTTAACCAGATGCC,4,0.4666666666666667
81,AGTAGCATGCC,4,0.4
79,NCCGGG,4,0.4666666666666667
77,ATTGGCAT,4,0.4
79,AACA,4,0.13333333333333333
79,CNCGGG,4,0.4
79,CCAA,4,0.13333333333333333
79,A,4,0.2
78,TTCTGCCTAATCTTTTNNNNNNNNNNNNN,4,0.4666666666666667
78,TG,4,0.3
78,NAAG,4,0.13333333333333333
80,ATGC,4,0.31666666666666665
80,ATT,4,0.13333333333333333
79,TTCTGCCTAATCTTNNNNNNNNNNNNNNN,4,0.4
80,CCAA,4,0.16666666666666669
80,CCCGGA,4,0.4
78,CGGAAGCGTCCGTGGTTGAACAAACAGGGG,4,0.4
80,CT,4,0.16666666666666669
77,GACCCGGN,4,0.31666666666666665
78,ATG,4,0.3333333333333333
79,AA,4,0.13333333333333333
80,GGACCCGGG,4,0.3333333333333333
80,GGGNCCCGGG,4,0.3
80,GGGNCCNGGG,4,0.3
77,TG,4,0.21666666666666667
79,CCNGGG,4,0.3833333333333333
80,TTA,4,0.13333333333333333
80,TTAA,4,0.13333333333333333
80,TTCTGCCTAA,4,0.4
76,A,4,0.26666666666666666
79,GNN,4,0.13333333333333333
76,AAG,4,0.13333333333333333
76,ATTGGCAT,4,0.4
76,GCCCAAGA,4,0.3333333333333333
81,GCATGCCCAAGA,4,0.4
76,GCTCAGGAAATCCGAT,4,0.4666666666666667
76,CAA,4,0.13333333333333333
76,CCCG,4,0.2
79,CTAGTACGAA,3,0.39999999999999997
79,AAG,3,0.13333333333333333
80,AAAT,3,0.13333333333333333
80,ATTGGCATGCC,3,0.39999999999999997
80,TGC,3,0.24444444444444446
80,ATTT,3,0.13333333333333333
81,TG,3,0.24444444444444446
80,AAC,3,0.13333333333333333
81,CCTGGG,3,0.39999999999999997
78,CATGCTAAACCATTTCTAAGTCAC,3,0.5
78,CCCG,3,0.19999999999999998
76,AGTAGCATGCC,3,0.39999999999999997
80,CG,3,0.19999999999999998
78,ACCTG,3,0.4666666666666666
80,AACCTGGAT,3,0.4222222222222222
78,GGACCCGGG,3,0.3333333333333333
78,CCAA,3,0.13333333333333333
80,CCTGGG,3,0.39999999999999997
79,TGCCCAAGAA,3,0.39999999999999997
77,ATTG,3,0.15555555555555556
76,GACCCNGG,3,0.3333333333333333
77,CCC,3,0.19999999999999998
78,GCTCAGGAAA,3,0.39999999999999997
79,ATGC,3,0.3111111111111111
79,ATGCC,3,0.3333333333333333
80,GGTTCGCAAAA,3,0.26666666666666666
77,G,3,0.13333333333333333
80,TTG,3,0.13333333333333333
80,CTAGTACGAAATGCCTTCATGCCCAAGA,3,0.4222222222222222
80,AGGT,3,0.26666666666666666
77,GCC,3,0.22222222222222224
77,CCNGGG,3,0.39999999999999997
80,GC,3,0.19999999999999998
80,ATG,3,0.19999999999999998
80,TT,3,0.13333333333333333
81,TT,3,0.17777777777777778
79,CCCGAG,3,0.39999999999999997
80,AAACCTG,3,0.4666666666666666
76,CCCAA,3,0.13333333333333333
81,GGACCCGGG,3,0.3333333333333333
81,AAG,3,0.13333333333333333
78,GCATGCCCAAGA,3,0.39999999999999997
80,CTCTCTATAA,3,0.39999999999999997
77,ACCCGGG,3,0.39999999999999997
78,CCNGG,3,0.19999999999999998
80,CCCAA,3,0.19999999999999998
76,ATGC,3,0.3333333333333333
77,TTCTGCCTAATCTTTTNNNNNNNNNNNNN,3,0.4666666666666666
78,TGCNCAAGA,3,0.26666666666666666
77,AACAC,3,0.13333333333333333
79,NNCG,3,0.19999999999999998
80,AANAA,3,0.13333333333333333
81,ATG,3,0.2888888888888889
78,CCTG,3,0.39999999999999997
80,AATT,3,0.13333333333333333
77,TTCTGCCTAAGTCGNNT,3,0.4666666666666666
78,CCNGGG,3,0.39999999999999997
77,ACCGGGAT,3,0.39999999999999997
76,CCTGGG,3,0.39999999999999997
81,CCCNG,3,0.19999999999999998
76,TGC,3,0.26666666666666666
80,AG,3,0.15555555555555556
81,GACCCGGAAGCGTAGCAACGGTAAATCGG,3,0.4666666666666666
78,GGCGAAGGTCCA,2,0.2
76,GGGNCCNGGG,2,0.3333333333333333
77,GCGTAAGAAAGCCCCACCTATGCCCAAGA,2,0.4
76,GGGNCCCGGG,2,0.3333333333333333
81,GANCCGGG,2,0.43333333333333335
78,TGC,2,0.23333333333333334
77,GACCCGNG,2,0.3333333333333333
80,ACCG,2,0.2
80,GCTCAGGAAAGGGAAT,2,0.4666666666666667
77,GGACCCGGATCGCCTTAAAACTAAGCGGC,2,0.4666666666666667
77,GGACCCGGG,2,0.3333333333333333
81,TAGATCGCAACTCTAGATGCCCAAGAAGA,2,0.4666666666666667
79,AGCGTAGCAA,2,0.4
78,AGTAGCAT,2,0.4
81,TGCCCAAGAA,2,0.4
78,GGACCCGNG,2,0.26666666666666666
80,AC,2,0.13333333333333333
77,GCGTAAGAAA,2,0.4
80,CTGT,2,0.4
76,GGTTCGCAA,2,0.3333333333333333
80,TTC,2,0.13333333333333333
81,CTCTCTATAA,2,0.4
78,AGGAGTCCAA,2,0.4
77,GANCCGGG,2,0.33333333333333337
77,GAT,2,0.23333333333333334
78,TGCCCAAG,2,0.26666666666666666
77,GCATGCCCAAGA,2,0.4
79,AGTAGCAT,2,0.4
76,GGTTCGCAAGA,2,0.2
77,TCCGGG,2,0.4
77,GGGACCCGGN,2,0.3333333333333333
78,AAGGAGTAAA,2,0.4
80,TATG,2,0.2
78,TTCTGCCTAATCTTTNNNNNNNNNNNNNN,2,0.4
78,GTAAGGAGAATCTTACATGCCCAAGAAGA,2,0.4666666666666667
78,TTCTGCCTAATCTTTT,2,0.4666666666666667
76,ATG,2,0.26666666666666666
76,GCCCAA,2,0.2
78,ACCCGCAT,2,0.4
76,GGGACCCGGATAGATCGCAATGAAGCGGG,2,0.4666666666666667
80,AACCTGCAT,2,0.43333333333333335
81,GACCCGGACTAGATTCGGGGTCAAACTCC,2,0.4666666666666667
77,TGC,2,0.26666666666666666
80,TAGATCGCAA,2,0.4
80,GATAGAGAAGCGAAATTAAGGTAAC,2,0.43333333333333335
80,TAAT,2,0.13333333333333333
76,GCATGCCCAAGA,2,0.4
80,AACCTGTAT,2,0.3333333333333333
77,NGCCCAAGA,2,0.26666666666666666
77,TGNCCAAGA,2,0.26666666666666666
81,TATCCTCTAAAGTGCTGGGGTATGCCCAA,2,0.4666666666666667
81,CTCTCTATAACTTCGATGCCCAA,2,0.4666666666666667
80,GCTCAGGAAA,2,0.4
78,GGGACCCGGGAT,2,0.3
80,TA,2,0.16666666666666669
80,TGNCCAAGA,2,0.26666666666666666
77,TTC,2,0.13333333333333333
80,NCCNGG,2,0.4666666666666667
78,TTCTGCCTAAGTCGATNNNNNNNNNNNNN,2,0.4666666666666667
80,TGCNCAAGA,2,0.26666666666666666
77,GGGNCCCGGG,2,0.3333333333333333
81,TGC,2,0.26666666666666666
79,ACCCGGATTTCTAAGCGCTTCCTACAGGA,2,0.4
80,NGCCCAAGA,2,0.26666666666666666
77,NAA,2,0.13333333333333333
78,TTCTGCCTAATCTNNT,2,0.4666666666666667
80,AACC,2,0.13333333333333333
77,NGG,2,0.2
78,CTAGTACGAA,2,0.4
78,CCC,2,0.16666666666666669
79,TG,2,0.23333333333333334
79,GACTAGTAAACGAAAGGCGTTACGGGGCC,2,0.3333333333333333
80,CAAGA,2,0.26666666666666666
76,CCGGAGTAGAGAGAGACTAAGAAATTACG,2,0.4666666666666667
78,CCCGAG,2,0.4
76,TG,2,0.23333333333333334
79,G,2,0.23333333333333334
78,CCCAGG,2,0.4
80,CTCGGG,2,0.4
81,GGGACCCGGN,2,0.3333333333333333
81,GGGNCCNGGG,2,0.3
79,TGCCCAAGA,2,0.3
81,ACCCGGAAGGAGTCCGGGTTCTAATCCCG,2,0.4666666666666667
79,CNCG,2,0.2
77,ATGC,2,0.3
81,CCNNG,2,0.2
81,GGATGC,2,0.33333333333333337
77,ATT,2,0.13333333333333333
77,ATTGGCATG,2,0.4
80,CCNGNG,2,0.4
77,ACNATA,2,0.13333333333333333
76,CCCNNG,2,0.4
81,CCCGGAGCTAGGAAATTATGTTCATGCCC,2,0.4
78,CNNGG,2,0.2
81,CCC,2,0.2
79,GTAGAGAGAACGTCCATGCCCAA,2,0.4666666666666667
76,TNCCCAAGA,2,0.26666666666666666
81,CATGCCTAAACCTCCTCGACTCATGCCCA,2,0.4666666666666667
81,GGTTCGCAAGA,2,0.2
80,CCCGAG,2,0.4
77,AAC,2,0.13333333333333333
79,GGAGCTAAGAAATTGCGTGCCTTATCGGC,2,0.4
77,ACN,2,0.13333333333333333
77,AACCGCATG,2,0.4
80,CCCTGG,2,0.4
81,CCCNGN,2,0.4
79,GCTCAGGAAA,2,0.4
81,CCGGATATCCAAGCTTAGCTCCAAAAGTC,2,0.4666666666666667
77,ACAACAAT,2,0.4
81,GGNACCCGGN,2,0.3333333333333333
79,GATG,2,0.2
80,CGCAAAA,2,0.3333333333333333
78,AAC,2,0.13333333333333333
76,NNNCCCAA,2,0.2
79,TTCTGCCTAATCTTTTNNNNNNNNNNNNN,2,0.4666666666666667
80,TTTT,2,0.13333333333333333
81,TTA,2,0.13333333333333333
79,CCCAGG,2,0.4
81,TGNNCAAGA,2,0.23333333333333334
76,ACCCGGACTAGTACGAAGACTGAATTAGG,2,0.4666666666666667
79,ATTGGCATGCC,2,0.4
81,CNCNGG,2,0.4
77,CCCG,2,0.2
76,ACCCNGG,2,0.3666666666666667
81,GCGAAGATAACCTTGCAGAGTTAAGAGCGC,2,0.4
81,NNNNNNNNNNNNNNNA,2,0.2
79,CAAGA,2,0.4
77,CCNGGN,2,0.4
77,CCT,2,0.13333333333333333
80,TTTA,2,0.13333333333333333
80,ATAC,2,0.13333333333333333
77,CAAAA,2,0.13333333333333333
81,AAGGAGTAAA,2,0.4
77,CNNNG,2,0.2
76,TAGATCCAA,2,0.3333333333333333
80,TTT,2,0.13333333333333333
80,AGTAGCAT,2,0.4
77,CATGCCCAAGA,2,0.4666666666666667
76,TTCTGCCTAACGCCGT,2,0.4666666666666667
80,ATTGGCAT,2,0.4
77,CT,2,0.13333333333333333
80,CCCA,1,0.3333333333333333
81,GTAGAGAGAA,1,0.4
81,TAGAGAGAATAATATTTCGCTGCTATGCC,1,0.4
80,AGAACCTGAAAGGACTT,1,0.4
80,ACT,1,0.13333333333333333
80,ACCTGNAT,1,0.2
81,NAA,1,0.13333333333333333
80,ACCTGGATGCC,1,0.4666666666666667
81,GTCGCAAGAACCTGCT,1,0.3333333333333333
80,AGAACCTGAAAGATCTT,1,0.4
81,GTAGAGAGAAGTTTGTGCGATACCATGCC,1,0.4666666666666667
80,CCCG,1,0.2
80,AGAACCTGAAAACATTT,1,0.4
80,ANNGANT,1,0.4666666666666667
80,CCCGGC,1,0.4
80,ACTGCATAAAGCTAAT,1,0.4666666666666667
80,AGAACCTGAAACAGTTT,1,0.4
80,AGAACCTGAAACACAAG,1,0.26666666666666666
80,AGAACCTGAAATTGGTT,1,0.4
80,ANNCCCAA,1,0.2
80,AGAACCTGAAAAGCCTT,1,0.4
80,AGGA,1,0.2
80,ATATAAAT,1,0.4
81,NAAG,1,0.13333333333333333
81,NCNANACGAA,1,0.26666666666666666
80,AGAACCTGAAGGCACTT,1,0.4
80,AGGAGTCCA,1,0.3333333333333333
80,ATGATGATG,1,0.4
80,ATGCC,1,0.3333333333333333
80,AGAACCTGAATATTGTT,1,0.4
80,ATGCCCAAGA,1,0.3333333333333333
80,AGAACCTGAATCCTTTT,1,0.4
80,ATGA,1,0.2
80,AGATGGCATATGAGGTTCGCAAGAACCTG,1,0.4666666666666667
80,AGCGTAGCAA,1,0.4
80,AGCGTAGCAAAGGCAT,1,0.4666666666666667
81,NCCGNG,1,0.4666666666666667
80,AGGAGCCAACCGACTGCGTCAAGGACG,1,0.5
80,AGCGTAGCAAATGGGNAACGACATGCCCA,1,0.4
80,AGAACCTGAAGCAGATT,1,0.4
80,CAAAAACCTGT,1,0.4
81,NTNNNCCNANTCTNTTT,1,0.4
80,CAANA,1,0.13333333333333333
81,NATAC,1,0.13333333333333333
80,AGAACCTGAACCAATTT,1,0.4
81,NCCGGN,1,0.4666666666666667
81,NNGCCNAA,1,0.2
80,CATGCCTAAACGTCAGTTCGCCCAA,1,0.4666666666666667
80,CATCCTCTAA,1,0.4
81,NTAGAGGAAACTCCNTNCCANNANGTGT,1,0.4
80,AGGATAATG,1,0.26666666666666666
80,AGAACCTGAACGGCGTT,1,0.4
80,AGAACCTGAACTTATTT,1,0.4
80,AGAACCTGAAGACCAAG,1,0.26666666666666666
80,AGGCGCAT,1,0.4
81,NATCTANACNAA,1,0.2
80,AGAACCTGAAGATGGTT,1,0.4
80,AGGTTCGCAAGAACCTGTGGACAAA,1,0.26666666666666666
81,CCAGGG,1,0.4
80,ACCTGGAT,1,0.26666666666666666
79,TT,1,0.2
79,TGCCCAAG,1,0.26666666666666666
79,TGCNCA,1,0.2
81,TTCTGCCTAATCTTNNT,1,0.4666666666666667
79,TGCNCAAGA,1,0.26666666666666666
79,TGNCCA,1,0.2
79,TGNCCAAGA,1,0.26666666666666666
79,TNCTNCCTA,1,0.2
79,TNGNAT,1,0.4666666666666667
81,TTCTG,1,0.13333333333333333
79,TNTGNNACNAAT,1,0.2
79,TNTNTT,1,0.2
79,TNTTTTT,1,0.2
81,TTCCA,1,0.13333333333333333
79,TTCGC,1,0.4666666666666667
79,TCAAATTNCA,1,0.2
79,TTCNATNAA,1,0.26666666666666666
79,TTCNNNCTAATCTTTTTCCATCNNNNTNN,1,0.4
81,TTC,1,0.13333333333333333
81,TTAC,1,0.13333333333333333
79,TTCTGCCNAA,1,0.4
81,TTAA,1,0.13333333333333333
79,TTCTGCCTAAGTCGANNNNNNNNNNNNNN,1,0.4
79,TTCTGCCTAAGTCGAT,1,0.4666666666666667
79,TTCTGCCTAAGTCGATNNNNNNNNNNNNN,1,0.4666666666666667
81,TNTTTTTC,1,0.26666666666666666
81,TNNCCAAGA,1,0.26666666666666666
81,TNCCCAAGA,1,0.26666666666666666
79,TTCTGCCTAATCTTTT,1,0.4666666666666667
79,TCTT,1,0.13333333333333333
81,TTCTGCCTAATCTTTNT,1,0.4666666666666667
81,TAGATCGCAACAGATTTATATCANNNGCN,1,0.4666666666666667
81,TTNTT,1,0.26666666666666666
79,GNTGCACCAA,1,0.2
79,GTAAGGAGAA,1,0.4
79,GTAGAGAGAA,1,0.4
79,GTAGAGAGACGCTGTTCATCGAA,1,0.4
79,GTAGAGNGAATTTGTGGTATAATAGGT,1,0.5
81,TTTNTN,1,0.4
79,GTG,1,0.13333333333333333
79,NAGGANTAATNTAATG,1,0.26666666666666666
81,TTTNNTAAA,1,0.26666666666666666
79,NCCNNANTCTTTAGACGCNTANTCTTT,1,0.2
79,NGG,1,0.2
79,NGGA,1,0.2
79,NGTTG,1,0.26666666666666666
79,NNCTGNCTATNTCNTTTT,1,0.3333333333333333
81,TTCTGCCTAATCTTTTNNNNNNNNNNNNN,1,0.4666666666666667
79,NNGGAT,1,0.2
79,NNGNCCAA,1,0.2
79,NTNTGNNTANTNTTTTTCCNTNAA,1,0.4666666666666667
81,TTNT,1,0.2
79,TAA,1,0.13333333333333333
81,TTGC,1,0.2
79,TAACA,1,0.13333333333333333
79,TAAGCCNA,1,0.2
79,TAATNTT,1,0.13333333333333333
79,TAGATCGCAACATTGGTATGCCCAAGA,1,0.4
79,TAGATNGAACGGGGTTTGGAATGCCCAAG,1,0.4
81,TTCTTNNCTNATNTTTTNCC,1,0.3333333333333333
79,TATCTTAAGCCAGTTCTGCGAA,1,0.43333333333333335
79,TTCTGCNTAACGCCGTTCTANNNNNNNNN,1,0.4666666666666667
79,TTG,1,0.13333333333333333
79,TTGCGC,1,0.4
80,AANAATA,1,0.13333333333333333
81,TATGCCCAAGA,1,0.4666666666666667
81,TATCTCTAAACTCGTTCTGGGAACGGCAG,1,0.4666666666666667
80,AACCTGGATG,1,0.4
80,AACCTGTAA,1,0.3333333333333333
80,AACNNGNAT,1,0.3333333333333333
80,AACT,1,0.13333333333333333
81,TATCCTCTAATTTTACTCCCATGCCCAAG,1,0.4
80,AAGA,1,0.13333333333333333
80,AAGGGGCAT,1,0.4666666666666667
80,AAGTGTAATNC,1,0.4
80,AANAAA,1,0.13333333333333333
80,AANAAC,1,0.13333333333333333
80,AANAAT,1,0.13333333333333333
80,AANACNAA,1,0.2
79,TTNCATCAA,1,0.26666666666666666
81,TATCCTCTAA,1,0.4
80,AATGAT,1,0.2
80,AATNANAC,1,0.13333333333333333
80,AATNGT,1,0.13333333333333333
80,AATNTNTAC,1,0.2
81,TANTTNGN,1,0.4
80,AATTTGGAT,1,0.4666666666666667
80,AATTTTT,1,0.26666666666666666
80,ACAT,1,0.26666666666666666
80,ACC,1,0.13333333333333333
81,TAGATCGCAGATAGTTTGATGATGCCCAA,1,0.4
80,ACCCNGN,1,0.4
80,ACCT,1,0.13333333333333333
81,TCCNAT,1,0.13333333333333333
80,AACCTGGAA,1,0.3333333333333333
80,AACCTGCAG,1,0.26666666666666666
81,GTAAGGAGAAGTTAAGATGCCCAAGAAGA,1,0.4666666666666667
79,TTNN,1,0.4666666666666667
79,TTNTG,1,0.13333333333333333
79,TTTCC,1,0.26666666666666666
81,TGCNCA,1,0.2
79,TTTTT,1,0.2
79,TTTTTNTTTAA,1,0.26666666666666666
81,TGCCCANG,1,0.26666666666666666
81,TGCCCAA,1,0.26666666666666666
81,TGCCC,1,0.26666666666666666
80,AAAA,1,0.13333333333333333
80,AAAAACCTG,1,0.26666666666666666
81,TGCATG,1,0.2
80,AAAANCCT,1,0.2
80,AAAC,1,0.13333333333333333
80,AAACTGCATGCC,1,0.4666666666666667
80,AAAG,1,0.13333333333333333
80,AAAGTTGG,1,0.2
80,AAANNAT,1,0.26666666666666666
80,AAATG,1,0.2
80,AAATTA,1,0.13333333333333333
80,AACA,1,0.13333333333333333
81,TCTTTTT,1,0.13333333333333333
81,TCNNNCTNNTNTTTTNCCATCAAATATGC,1,0.4666666666666667
80,AACCTGAAA,1,0.2
80,AACCTGAAG,1,0.3333333333333333
81,TCGCCTTAAGATGCCCAAGAAGAAGAGGA,1,0.3333333333333333
80,AACCTGAGG,1,0.2
80,AACCTGCAC,1,0.2
80,CTANTACGAANNNCNTTCATGC,1,0.4666666666666667
81,GTAAGGAGAAGGAGCTNNNNNNNNNNNNN,1,0.4666666666666667
81,CTAGTACGAAGAATTATGCCCAA,1,0.4666666666666667
80,TTGTG,1,0.13333333333333333
81,CTAGTACGAATGCCCAAGAAGAAGAGGAA,1,0.4
80,TTGTNNAAA,1,0.26666666666666666
81,CTAGTACGAATCGCTT,1,0.4666666666666667
80,TTNAA,1,0.13333333333333333
80,TTNAAT,1,0.3333333333333333
80,TTNTANAANAA,1,0.2
81,CTAGTACGAAGAGCTATGCCCAA,1,0.4666666666666667
80,TTNTNNNTNATNTTTTTCCATNAAA,1,0.4666666666666667
80,TTNTTA,1,0.13333333333333333
80,TTNTTG,1,0.13333333333333333
80,TTTCCTAC,1,0.13333333333333333
80,TTTCNTT,1,0.2
80,TTTTT,1,0.26666666666666666
81,CTAGTACGAAAGCAATACATGCCCAAGA,1,0.4666666666666667
81,CNAGNTC,1,0.13333333333333333
81,CTAGTACGA,1,0.3333333333333333
81,AAAAAGCATGCC,1,0.4666666666666667
81,AAAACCTG,1,0.4
81,CTAA,1,0.13333333333333333
81,AAAGGCTAT,1,0.4666666666666667
81,AAATCCGATG,1,0.4666666666666667
81,AAATG,1,0.2
81,AAATT,1,0.13333333333333333
81,AAATTT,1,0.13333333333333333
81,AACACCGAT,1,0.4666666666666667
81,AACCGCTAT,1,0.4666666666666667
81,AACCTGAAT,1,0.3333333333333333
81,CNCGNG,1,0.4
81,AACTC,1,0.13333333333333333
80,TTCNCA,1,0.13333333333333333
80,TTCGCAGAA,1,0.26666666666666666
80,TTCGAGAAA,1,0.26666666666666666
80,TTCA,1,0.13333333333333333
81,CTTTTT,1,0.13333333333333333
80,TATCCCCTAA,1,0.4
81,CTGT,1,0.4
80,TATCCTCTAAGATATGCCCAAGAAGAAGA,1,0.4
80,TATCCTCTAAGATATGCCTAAGAAGAAGA,1,0.4
80,TATCNTNTA,1,0.3333333333333333
80,TATTTT,1,0.13333333333333333
80,TCAA,1,0.13333333333333333
80,TCANCGAGA,1,0.2
80,TCCANTCNCA,1,0.13333333333333333
80,TCCC,1,0.13333333333333333
80,TCCGGG,1,0.4
80,TCCGGGACCCGGGATGCCCAAGA,1,0.4
80,TCGAAGAA,1,0.4
80,TCT,1,0.13333333333333333
80,TCTTTTT,1,0.13333333333333333
81,CTCTCTATAACATATGATGCCCAAGAAGA,1,0.4666666666666667
80,TGCCCAAG,1,0.26666666666666666
80,TGGCCAAG,1,0.2
80,TGNCCAAG,1,0.2
80,TGT,1,0.13333333333333333
81,CTCTCTATAACATAAT,1,0.4666666666666667
80,TGTGNNAAAG,1,0.2
80,TNCGATAAT,1,0.26666666666666666
80,TNCNCAA,1,0.2
80,TNGNAANTAT,1,0.2
80,TNNNNNNNNNNNNNNNNT,1,0.13333333333333333
80,TNTNNNCTAA,1,0.4
80,TTANACT,1,0.13333333333333333
81,AACTGCAT,1,0.4
81,CGGAATTAGAACAGCTGTAATAGAAGAGC,1,0.4
81,GTAAGGAGAA,1,0.4
81,ATGCCCAAGA,1,0.3333333333333333
81,AGGAGTCCAACTTTGTACTTCAACCATGC,1,0.5
81,AGGGGCAT,1,0.4
81,AGGTGTCCAA,1,0.3333333333333333
81,AGNANTNAAANAT,1,0.26666666666666666
81,ANAA,1,0.4
81,ANATAGAGAAGCGAAATT,1,0.26666666666666666
81,ANCCNGG,1,0.3333333333333333
81,ANNTATNNAATT,1,0.26666666666666666
81,CCGGG,1,0.4666666666666667
81,ATANACA,1,0.13333333333333333
81,ATATCTNNAANCTNGTTNTGGGAACGGCN,1,0.4666666666666667
81,ATCNACANGA,1,0.2
81,ATGAC,1,0.2
81,ATGC,1,0.3333333333333333
81,ATNC,1,0.2
81,AAGACAGAT,1,0.4666666666666667
81,ATNTAC,1,0.13333333333333333
81,ATTGC,1,0.3333333333333333
81,CCCNNGANGCNCNAGA,1,0.2
81,ATTTGCATGCC,1,0.4
81,CCCGGGAT,1,0.26666666666666666
81,CACGTCTGAAGTCCATCACGCCAAACTCG,1,0.3333333333333333
81,CCCGGATATCTCAACGTTTTCTCAAGGCA,1,0.4
81,CACGTCTGAATGAGGTTCGCAAGAACCTG,1,0.4
81,CATGCCCAAGA,1,0.4666666666666667
81,CATGCCTAAA,1,0.4
81,CCCAA,1,0.13333333333333333
81,CATGCCTAAACTAATTGCCCGTGGATATG,1,0.4666666666666667
81,CCAA,1,0.13333333333333333
81,CCAAG,1,0.13333333333333333
81,AGGAGTCCAAATCACATGCCCAA,1,0.4666666666666667
81,AGCGTAGCAAATTATTCCGGTAACAGTCC,1,0.4666666666666667
81,AGATCGGAATGAGGTTCGCAAGAACCTAG,1,0.3333333333333333
81,AGATAGAGAAGCGAAATTAAGGNAGC,1,0.4
81,AAGATCGGAA,1,0.4
81,CGGAAGGATCCAACCAGTTATTAAGTCGG,1,0.4666666666666667
81,AAGGAGTAAAACCTAGAATGCCCAAGA,1,0.4
81,AAGGAGTAAACGATTGATTATGCCCAAGA,1,0.4
81,AAGTATTAT,1,0.4666666666666667
81,AAGTG,1,0.4666666666666667
81,AANAT,1,0.13333333333333333
81,AANCGCAT,1,0.4
81,AANGNAGATGC,1,0.4
81,CG,1,0.2
81,AANNNNGATGN,1,0.4
81,AATA,1,0.13333333333333333
81,CCTG,1,0.4
81,AATGAACAT,1,0.4666666666666667
81,AATGTC,1,0.2
81,AATT,1,0.13333333333333333
81,AATTNN,1,0.3333333333333333
81,AATTT,1,0.13333333333333333
81,AC,1,0.13333333333333333
81,CCNGGGNNGCNCAA,1,0.2
81,ACCCGGACTAGTACGAACGGGCAATCGTG,1,0.4666666666666667
81,ACCCGGATATCCTCTAAGTCGGAACCAGG,1,0.4666666666666667
81,CCNGG,1,0.2
81,ACCCNGG,1,0.4
81,ACCTGTA,1,0.13333333333333333
81,ACGAGCAT,1,0.4
81,ACTGCATAAA,1,0.4
81,ACTT,1,0.13333333333333333
81,AG,1,0.13333333333333333
80,TANTNGTNNTGC,1,0.26666666666666666
80,TANATG,1,0.2
80,TAN,1,0.26666666666666666
80,CTNTNTATAANTNTTTT,1,0.4666666666666667
81,GCGTAAGAAATCGTTTGCATGCCCAAGA,1,0.4666666666666667
80,CTAGTACGAAANGCCTTCATGC,1,0.4666666666666667
80,CTAGTACGAAATGCCCTCATGCCCAAGA,1,0.4
81,GCGTAAGAAAACACGAATATGCCCAAGA,1,0.4
80,CTAGTACGAAATGCCTCCATGCCCAAGA,1,0.4666666666666667
80,CTAGTACGAATGCCCGCTATGCCCAAGA,1,0.4
80,CTATACGAAGGGACTTACTCATAGAC,1,0.5
80,CTCTCTATAATCACCT,1,0.4666666666666667
80,CTCTCTATATGCCCAAGAAGAAGAGGAAG,1,0.3333333333333333
81,GCCCAA,1,0.2
80,CTGA,1,0.13333333333333333
80,CTGTTCCTATGAGGTTCGCAAGAACCTGT,1,0.3333333333333333
80,CTNGNAT,1,0.26666666666666666
80,CTNTCTATAACTGTGTT,1,0.4666666666666667
80,CTT,1,0.13333333333333333
80,TAGATCGCAAGGCTCATGCCCAA,1,0.4666666666666667
80,CTTCTNTATANNTNTTTTACACCA,1,0.3333333333333333
81,GCAT,1,0.13333333333333333
80,GAACCTGAT,1,0.26666666666666666
80,GAACCTGC,1,0.4
80,GAACCTGT,1,0.4
80,GAATGG,1,0.2
80,GAC,1,0.4
81,GATAGAGAAGCGAAATTAAGGTAGCATNC,1,0.3333333333333333
81,GATAGAGAAGCGAAATTAAGGNAAC,1,0.43333333333333335
80,GACCCGNG,1,0.3333333333333333
80,GACGGCATATGAGGTTCGCAAGAACCTGC,1,0.4
80,GAT,1,0.2
80,GATGC,1,0.26666666666666666
80,GCA,1,0.13333333333333333
81,GCGTAAGAAATGGCTACCGCGATGCCCAA,1,0.4
80,CNNNGG,1,0.4
81,GCTCAGGAAATGCCCAAGAAGAAGAGGAA,1,0.4
80,CNCTGTT,1,0.13333333333333333
80,CCCGNN,1,0.4
80,CCCNGN,1,0.4
80,CCCTGA,1,0.2
81,GGNAT,1,0.2
80,CCG,1,0.2
80,CCGCAT,1,0.3333333333333333
80,CCGGAAGCGTAGTGTTGATCGAAAACAGC,1,0.4666666666666667
80,CCGGG,1,0.4666666666666667
80,CCN,1,0.13333333333333333
80,CCNGG,1,0.2
80,CCNGGA,1,0.2
80,CCNGGN,1,0.4
80,CCNGN,1,0.3333333333333333
81,GGGATG,1,0.4
81,GGGANCCGGG,1,0.4
81,GGGACCCNGG,1,0.3333333333333333
80,CCNNGANNTCC,1,0.2
80,CCNNGG,1,0.4
80,CGCG,1,0.2
80,CGCGCTGCATGAGGTTCGCAAGAACCTGA,1,0.4
80,CGCNN,1,0.4666666666666667
80,CGGNAT,1,0.26666666666666666
80,CGTAT,1,0.26666666666666666
80,CNAA,1,0.13333333333333333
80,CNAAGNNNAANTTGCTTGNTNNAATAG,1,0.4666666666666667
81,GGACNCGGG,1,0.3333333333333333
81,GGACCNGGG,1,0.3333333333333333
81,GGACCCGGGAT,1,0.3333333333333333
80,CNCNGG,1,0.4
80,GCAAAA,1,0.3333333333333333
80,GCAT,1,0.13333333333333333
80,GCCC,1,0.2
80,GTT,1,0.13333333333333333
80,GTTCGCAAGAACCTGTTCCCCAA,1,0.26666666666666666
80,NAACTT,1,0.26666666666666666
80,NAAG,1,0.13333333333333333
80,NAAGNNNCATG,1,0.4666666666666667
80,NACCNGGG,1,0.4
80,NC,1,0.3333333333333333
81,GACCCGGATAGATCGCAAAATTAAGGGTG,1,0.4666666666666667
80,NCC,1,0.2
80,NCCC,1,0.2
81,GACCCGGACTAGTACGAATTAAAAACTCA,1,0.4666666666666667
80,NCNGGA,1,0.2
79,GNNTTANTCAANCNGTTGTAAGCANGC,1,0.36666666666666664
80,NGANCAC,1,0.13333333333333333
80,NGC,1,0.2
80,NGNNCAA,1,0.2
80,NN,1,0.4666666666666667
80,NNCCCAAGA,1,0.26666666666666666
80,NNCCGGG,1,0.2
80,NNGCCCAA,1,0.2
80,NNGCCNAAGA,1,0.2
81,GACCCGGAAGCGGTAGGCAATCGGCGGTT,1,0.3333333333333333
80,NTCTNNATAA,1,0.3333333333333333
80,NTNCCCAA,1,0.2
80,NTTNCA,1,0.2
80,NTTTT,1,0.26666666666666666
81,GAAGNCCAG,1,0.26666666666666666
81,G,1,0.13333333333333333
80,TAAA,1,0.13333333333333333
80,TACGC,1,0.4666666666666667
80,GTTCGCAAGAACCTGTTACCCAA,1,0.26666666666666666
80,GTCCAACGAATGGCATGCCCAAGA,1,0.4
80,GCCCNA,1,0.2
80,GTATG,1,0.2
80,GCCTAA,1,0.3333333333333333
80,GCNCAAG,1,0.13333333333333333
80,GCTCAGAAATCTTTTCCCGTAATTATG,1,0.5
80,GCTGCTCTCATGAGGTTCGCAAGAACCTG,1,0.3333333333333333
80,GG,1,0.26666666666666666
81,GAT,1,0.2
80,GGACCCGGN,1,0.3333333333333333
80,GGANCCCNG,1,0.4
81,GANGCCCAA,1,0.3333333333333333
80,GGGACCNGGG,1,0.26666666666666666
81,GACNCGGN,1,0.26666666666666666
80,GGGT,1,0.2
81,GACCCNGG,1,0.3333333333333333
80,GGNACCCGGG,1,0.26666666666666666
80,GGTAGAATAGCACTCATAAGTGAGC,1,0.36666666666666664
80,GGTTCGCAAAAACCTGTCCAGGA,1,0.3333333333333333
80,GGTTCGCAAAAACCTGTGATCTAA,1,0.4
80,GGTTCGCAAAAACCTGTTTGCCA,1,0.3333333333333333
80,GGTTCGCAAAACCGGTT,1,0.4
80,GGTTCGCAAAACCTGT,1,0.3333333333333333
81,GACCCGGN,1,0.3333333333333333
80,GGTTCGCAAGAACCTGTATCCTAA,1,0.26666666666666666
80,GGTTCGCAAGAACCTGTGCCACAA,1,0.26666666666666666
80,GGTTCGCNAAAACCTGTAACTTAA,1,0.4
80,GT,1,0.2
80,GTAAGGAGAATGTACT,1,0.4666666666666667
80,GTAGAGAGAA,1,0.4
80,GTAGAGAGAATGCCCAAGAAGAAGAGGAA,1,0.4
80,GTAT,1,0.13333333333333333
80,NCNTAA,1,0.2
79,ACCCGTCNN,1,0.26666666666666666
79,GNANNGAGAACGGTCTT,1,0.4666666666666667
77,CAGATGC,1,0.4
77,CCCGTG,1,0.4
77,CCCGGAAGGAGTCAACTTGGATAGTAG,1,0.36666666666666664
77,CCCGGA,1,0.4
77,CCCAA,1,0.13333333333333333
77,CCAA,1,0.13333333333333333
77,CATGCCTAAA,1,0.4
77,CANNNATN,1,0.4
77,CAC,1,0.2
77,CCCNNG,1,0.4
77,CAAG,1,0.13333333333333333
77,CAAA,1,0.13333333333333333
77,CA,1,0.2
77,ATTGGCATGCCC,1,0.4
77,ATTGGCATGC,1,0.4
77,ATTCT,1,0.13333333333333333
77,ATGCCCA,1,0.3333333333333333
77,CCCNG,1,0.2
77,CCCTGG,1,0.3333333333333333
77,CTCTT,1,0.26666666666666666
77,CNAAG,1,0.13333333333333333
77,CNNNNG,1,0.4
77,CNNGGN,1,0.4
77,CNNGGG,1,0.4
77,CNCNTCNNCACTCGCCNGGTTAAANGNGC,1,0.4
77,CNCGNG,1,0.4
77,CNCGGN,1,0.4
77,CNATANCNAA,1,0.2
77,CG,1,0.2
77,CCGCAT,1,0.3333333333333333
77,CCTNAT,1,0.13333333333333333
77,CCTG,1,0.4
77,CCNGGGNNGCCCAA,1,0.2
77,CCNGG,1,0.3333333333333333
77,CCGNGAT,1,0.26666666666666666
77,CCGGGATGC,1,0.3333333333333333
77,CCGGG,1,0.4666666666666667
77,ATG,1,0.3333333333333333
77,ATCTCGATGCC,1,0.4
77,ATACGCAT,1,0.4
77,ACAN,1,0.2
77,ACTGCATAAACCGTGNT,1,0.4666666666666667
77,ACTGCATAAA,1,0.4
77,ACNCGGG,1,0.3333333333333333
77,ACGGGAAT,1,0.4
77,ACCCNNGATNNCCAAGA,1,0.2
77,ACCCGGAGCGTAAGGTTTGTGACACGCAT,1,0.4666666666666667
77,ACCCGGAAGCGTAGCACGCTTCGATCCTG,1,0.4
77,ACAAGGAT,1,0.4
77,ATAAGCAT,1,0.4
77,ACA,1,0.13333333333333333
77,AC,1,0.13333333333333333
77,AATTTAGATGC,1,0.4666666666666667
77,AATTCA,1,0.13333333333333333
77,AAT,1,0.13333333333333333
77,AANCGCAT,1,0.4
77,AANAANAAT,1,0.26666666666666666
77,AG,1,0.13333333333333333
77,AGATCTACA,1,0.3333333333333333
77,AGCGTAGCAA,1,0.4
77,AGCGTAGCAAACGAGCAAGGTCA,1,0.5
77,ATAA,1,0.13333333333333333
77,ANTT,1,0.13333333333333333
77,ANACT,1,0.13333333333333333
77,AGTAGTCNAA,1,0.2
77,AGTAGCATGCC,1,0.4
77,AGNTGNCCAA,1,0.3333333333333333
77,AGGTGCATGCCC,1,0.4
77,AGGGGCATGCC,1,0.4
77,AGGGGCAT,1,0.4
77,AGGAGTCCATTTCCATTTCCACANNNNNN,1,0.4666666666666667
77,AGGAGTCCACAGATACGCGAACAGATGCC,1,0.3333333333333333
77,AGGAGTCCAATGCCCAAGAAGAAGAGGAA,1,0.4
77,AGGAGTCCAACTTAGNT,1,0.4666666666666667
77,AGGAGTCAACAAGTTTATGGAGTAC,1,0.4
77,AGCGTAGCAATCTCGATGCCCAA,1,0.4666666666666667
77,CTCTCTATAATTCGTT,1,0.4666666666666667
77,CTNTTTCC,1,0.13333333333333333
77,AAGTACGAT,1,0.4666666666666667
77,TAGATCGCAA,1,0.4
77,TATCCTTAACCACCTTACCACGATGCCC,1,0.4
77,TATCCTNTNNTGCCTTTGNGGCANNGNCN,1,0.4
77,TAT,1,0.26666666666666666
77,TANTG,1,0.13333333333333333
77,TANCNAA,1,0.13333333333333333
77,TAGATCGCAATTGTCTNNNNNNNNNNNNN,1,0.4666666666666667
77,TAGATCGCAAACAGNNT,1,0.4666666666666667
77,TAAA,1,0.13333333333333333
77,TCCGGGACCCNGGATGCCCAAGA,1,0.4
77,NTGCCAAGAA,1,0.26666666666666666
77,NTG,1,0.13333333333333333
77,NNNCCCAA,1,0.2
77,NNGCNCAA,1,0.2
77,NGNTGNCNAAT,1,0.3333333333333333
77,NGCCCAAAA,1,0.26666666666666666
77,NCCNGG,1,0.4666666666666667
77,TCCCTA,1,0.3333333333333333
77,TCGCCTTAAAAGCTGAAANCCAC,1,0.5
77,GAAAAANAA,1,0.2
77,TNAANANTA,1,0.13333333333333333
77,TTCC,1,0.13333333333333333
77,TTA,1,0.13333333333333333
77,TT,1,0.13333333333333333
77,TNTTTC,1,0.26666666666666666
77,TNTCCATCAA,1,0.2
77,TNGAA,1,0.13333333333333333
77,TNCTGNNTAA,1,0.2
77,TGTAT,1,0.13333333333333333
77,TCGCCTTAAACGCCNNT,1,0.4666666666666667
77,TGNCCAAG,1,0.2
77,TGCNCAAGA,1,0.26666666666666666
77,TGCCCAAGAA,1,0.4
77,TGCCCAAGA,1,0.4
77,TCTTTCC,1,0.26666666666666666
77,TCTCAC,1,0.4
77,TCGCCTTAAAGCAAAGAAGAAGAGGAAGG,1,0.4
77,NCCGNN,1,0.4
77,NCCGNG,1,0.4666666666666667
77,NCCGGN,1,0.4666666666666667
77,GATGCCCAAGA,1,0.4666666666666667
77,GCTCAGGAAACGCCTTTACATGCCCAAGA,1,0.4666666666666667
77,GCTCAGGAAACACAATGCGAGATGCCCAA,1,0.4666666666666667
77,GCGTAAGAAATCATCGATGCCCAAGAAGA,1,0.4666666666666667
77,GCGTAAGAAAAACAGATGCCCAA,1,0.4666666666666667
77,GCGTAAGA,1,0.26666666666666666
77,GCCCAA,1,0.2
77,GCCCA,1,0.2
77,GATAGAGAAGCGAAATTAAGGTAAC,1,0.43333333333333335
77,NCC,1,0.2
77,GATAGAGAAGCGAAATTAAGGTA,1,0.3333333333333333
77,GACCCNGN,1,0.3333333333333333
77,GACCCNGGATG,1,0.3333333333333333
77,GACCCNGG,1,0.3333333333333333
77,GACCCGGGAT,1,0.3333333333333333
77,GACCCGGACATGCCTAAATTACAAAACCG,1,0.4666666666666667
77,GACCCGGAAGCGTAGCAACGGTAAATCGG,1,0.4666666666666667
77,GGAACGCTAAGGGTCTTCTGGAA,1,0.3333333333333333
77,GGACNCGGGAT,1,0.3333333333333333
77,GGACTAGTAACGAAGTTCCAAATGGGG,1,0.5
77,GGANGCCC,1,0.26666666666666666
77,NANCCGGG,1,0.4
77,GTCAGGAAAATTGATCTTATGCCCAAGA,1,0.4
77,GTAT,1,0.13333333333333333
77,GTAGAGAGAACCTAACGGGATGCCCAAGA,1,0.4
77,GTAAGGAGNAATAGCTTCCGATGCCCAAG,1,0.4666666666666667
77,GTAAGGAGAACTACAT,1,0.4666666666666667
77,GNTATCCTTANGCTCTNNNGGCAAGTNNN,1,0.4666666666666667
77,GGTTCGCAAGA,1,0.2
77,GGNCCCNGG,1,0.26666666666666666
77,GGGNCCCGCGAN,1,0.26666666666666666
77,GGGANCCGGG,1,0.4
77,GGGACCNGGN,1,0.26666666666666666
77,GGGACCCGNG,1,0.3333333333333333
77,GGGACCCGGGAN,1,0.26666666666666666
77,GGATGC,1,0.4
77,AAGTCC,1,0.13333333333333333
77,AAG,1,0.13333333333333333
77,TTCGCAAGAACCTGCTT,1,0.26666666666666666
76,CCCCGG,1,0.4
76,CCNGG,1,0.2
76,CCNCATGCN,1,0.26666666666666666
76,CCGGGAT,1,0.3333333333333333
76,CCGGAAAGGAGTCCAACTACGCAATTGAG,1,0.4666666666666667
76,CCCNGN,1,0.4
76,CCCGTG,1,0.4
76,CCCGAG,1,0.4
76,CCCAGG,1,0.4
76,CCNGNANNCGGGAT,1,0.26666666666666666
76,CATGCCTAAA,1,0.4
76,CATGCCNAANACTTCTAACAGGG,1,0.5
76,CACGGG,1,0.4
76,CAAAGATAAGAAAGCAGAAGTAAGCAGGC,1,0.3333333333333333
76,ATTTT,1,0.13333333333333333
76,ATTNGCATGCC,1,0.4
76,ATT,1,0.13333333333333333
76,CCNGGN,1,0.3333333333333333
76,CCNGNG,1,0.4
76,CTCTCTATAAAGCTTTAATTGGATGCCAA,1,0.4666666666666667
76,CNTANNAGNNGGGGNTT,1,0.3333333333333333
76,CTCGC,1,0.4666666666666667
76,CTAGTACGTCTTTTGGGGGAAAAGAGG,1,0.5
76,CTAGTACGAAGGGCCGATGCCCAAGAAGA,1,0.4666666666666667
76,CTAGTACGAACTTCAATGCCCAA,1,0.4666666666666667
76,CTAGTACGAACTGGGGTCATGCCCAAGA,1,0.4
76,CTAAGCCTAATCAGCTCTTGATGCCCAAG,1,0.4666666666666667
76,CTAAGCCTAAGCAAAT,1,0.4666666666666667
76,CNNNGG,1,0.4
76,CG,1,0.2
76,CNNGGG,1,0.4
76,CNCNGG,1,0.4
76,CNCGNG,1,0.4
76,CGTNT,1,0.26666666666666666
76,CGTACTAGAAGTCCCT,1,0.4666666666666667
76,CGGGAT,1,0.3333333333333333
76,CGATNCC,1,0.26666666666666666
76,ATNNNCAAGA,1,0.2
76,ATGCTCCAA,1,0.26666666666666666
76,ATGCCCAAGA,1,0.3333333333333333
76,AAGGAGTAAA,1,0.4
76,ACCCGGAACTGCATAAAATTAAAATTACG,1,0.4666666666666667
76,ACC,1,0.13333333333333333
76,ACANAAGAATGAGNTTCGNAAGAACCTGT,1,0.3333333333333333
76,ACAGCGAT,1,0.4
76,AATGCCCAAGA,1,0.4666666666666667
76,AANTG,1,0.2
76,AAGGAGTAAAGAACATCATGCCCAAGA,1,0.4666666666666667
76,AAGAGCATGCC,1,0.4
76,ATAGGTAT,1,0.4
76,AAGACGCAT,1,0.4666666666666667
76,AACNTNGATNN,1,0.26666666666666666
76,AACCGTAT,1,0.4
76,AACCGCATGCC,1,0.4
76,AAATTNNNTGC,1,0.4
76,AAATGGCATGCC,1,0.4666666666666667
76,AAAT,1,0.13333333333333333
76,ACCCGGAT,1,0.4
76,ACCGGGATG,1,0.4
76,ACCNGGG,1,0.4
76,ACNCGGG,1,0.4
76,ATACGCAT,1,0.4
76,ANTNNC,1,0.4666666666666667
76,AGTTGT,1,0.13333333333333333
76,AGTAATAT,1,0.4
76,AGGTGTCCAA,1,0.3333333333333333
76,AGGAGTCCAATAAGAACTCTATGCCCAAG,1,0.4
76,AGGAGTCAAGGGGGTTGCACGAATCCCC,1,0.4666666666666667
76,AGCGTAGCAAAGGCAT,1,0.4666666666666667
76,AGCGTAGCAA,1,0.4
76,AGA,1,0.2
76,AG,1,0.13333333333333333
76,ACTGCATAATGCCCAAGAAGAAGAGGAAG,1,0.3333333333333333
76,ACTGCATAAACGCTAT,1,0.4666666666666667
76,ACTCGCAT,1,0.4
76,ACNCNGNAN,1,0.26666666666666666
76,CTCGGG,1,0.4
76,CTCTGAATATGCCCAAGAAGAAGAGGAAG,1,0.3333333333333333
77,AACNGCAT,1,0.4
76,TATCCTCTAA,1,0.4
76,TGCNNAAG,1,0.2
76,TGCNCAAGA,1,0.26666666666666666
76,TGCCNAA,1,0.26666666666666666
76,TGCCCAAGA,1,0.3333333333333333
76,TGCCCA,1,0.26666666666666666
76,TATG,1,0.2
76,TATCCTCTAATTAAAACGATGCCCAAGA,1,0.4
76,TAGATGCAATCCATTTATTTAAAGAATG,1,0.4666666666666667
76,TGNCCA,1,0.2
76,TAGATGCAAATCATAATGCCCAA,1,0.4666666666666667
76,TAGATCGCAATGGGTGAAGAAGAGGAAGG,1,0.4
76,TAGATCGCAAGTGGTATGCCCAA,1,0.4666666666666667
76,NTGNCCAA,1,0.2
76,NTG,1,0.13333333333333333
76,NTCTGNCNNATCTATNTCCATCNCATNGC,1,0.4666666666666667
76,NNGCCNAA,1,0.2
76,TGGCATGCCCAAG,1,0.4
76,TGNCCAAG,1,0.2
76,CTGTAATAATTAAGCTAGAGTAAAGAAGC,1,0.4666666666666667
76,TTTAGC,1,0.4
77,AACGGNCAT,1,0.4666666666666667
77,AACCT,1,0.13333333333333333
77,AAATT,1,0.13333333333333333
77,AAAT,1,0.13333333333333333
77,AAAGGATAT,1,0.4666666666666667
77,AAAC,1,0.13333333333333333
76,TTTTCCNTNAA,1,0.26666666666666666
76,TTNTNCNTNAG,1,0.26666666666666666
76,TGNNNNNNA,1,0.26666666666666666
76,TTNTGNCGTTANTNTTTTTCCANNNAATT,1,0.3
76,TTCT,1,0.13333333333333333
76,TNTCCANGAAC,1,0.2
76,TNNCCCCNNNNCTNTNTCCANNNNATNGN,1,0.4666666666666667
76,TNCATNAA,1,0.26666666666666666
76,TNAT,1,0.2
76,TGTT,1,0.26666666666666666
76,NNCGGG,1,0.4666666666666667
76,NNCCCAAGA,1,0.26666666666666666
76,NNCCC,1,0.2
76,GC,1,0.2
76,GGACCCGGAAGCGTAGCGACGGAAACCCA,1,0.4666666666666667
76,GCTCAGGAAAGCAGTTGAAGTATGCCCAA,1,0.4666666666666667
76,GCTAAGAAAATAGGTTCTGGTGATTATGC,1,0.5
76,GCGTCCGTATGCCCAAGAAGAAGAGGAAG,1,0.3333333333333333
76,GCGTAAGAAATGCCCAAGAAGAAGAGGAA,1,0.4
76,GCGAT,1,0.2
76,GCGAAGATAACCTTGCAGAGTTAAGAGCGC,1,0.4
76,GATGCCCAAGA,1,0.4666666666666667
76,NGGA,1,0.2
76,GATG,1,0.2
76,GATAGAGAAGCGAAATTAAGGTAAC,1,0.43333333333333335
76,GAGGTTCGCAAGA,1,0.26666666666666666
76,GAGAGC,1,0.4
76,GACNCGNN,1,0.3333333333333333
76,G,1,0.13333333333333333
76,CTT,1,0.13333333333333333
76,GGACCCGGGGAT,1,0.26666666666666666
76,GGACCCGGGNT,1,0.26666666666666666
76,GGACCCNGG,1,0.3333333333333333
76,GGACNCGGG,1,0.3333333333333333
76,NGG,1,0.2
76,NCCGGN,1,0.4666666666666667
76,NANGCCTAAACTTNNTTGG,1,0.4666666666666667
76,NACCCGGG,1,0.3333333333333333
76,GT,1,0.4
76,GNANAGNGGAA,1,0.26666666666666666
76,GGGCTACAAAAGCTATCGTACAGAGGC,1,0.43333333333333335
76,GGGANCCGGG,1,0.4
76,GGGACCCGGN,1,0.3333333333333333
76,GGGACCCGGGAT,1,0.3333333333333333
76,GGCGTAGCAAGGCCCTTCCAGTAGCCAAT,1,0.5
76,GGCATGCCCAAGA,1,0.4
76,GGATGC,1,0.4
76,GGANCCGGG,1,0.3333333333333333
76,GGACNCNGG,1,0.26666666666666666
77,TTCGATCTAATGAGGTTCGCAAGA,1,0.26666666666666666
77,TTCTGCCTAAGTCGANT,1,0.4666666666666667
79,GNACNNGGN,1,0.26666666666666666
78,TTCCTAT,1,0.26666666666666666
78,TTCTNNNTAANTTTNTT,1,0.4
78,TTCTGCNTAAGTNGAT,1,0.4666666666666667
78,TTCTGCCTAATCTTNT,1,0.4666666666666667
78,TTCTGCCTAATCATTTT,1,0.4666666666666667
78,TTCTGCCTAAGTCNNT,1,0.4666666666666667
78,TTCTGCCTAAGTCGAT,1,0.4666666666666667
78,TTCNGTTTA,1,0.26666666666666666
78,TNTTT,1,0.26666666666666666
78,TTT,1,0.13333333333333333
78,TNNNNNAGA,1,0.2
78,TGNCCANGA,1,0.26666666666666666
78,TGCNNAAGA,1,0.26666666666666666
78,TGCNCAAG,1,0.2
78,TGCNCAA,1,0.2
78,TGCCCAAGAA,1,0.4
78,TCTTTTT,1,0.26666666666666666
78,TTNGTNANNTCA,1,0.2
78,TTTCC,1,0.13333333333333333
79,ACCCGGATAGATCGCAATTGGCAAAAGGC,1,0.4666666666666667
79,AAGNTT,1,0.13333333333333333
79,ACCCGGACTAGTACGAAATTACAAATTGA,1,0.4666666666666667
79,ACAC,1,0.13333333333333333
79,AATGTCCAT,1,0.4666666666666667
79,AATAGGTAT,1,0.4666666666666667
79,AAT,1,0.2
79,AAGTTT,1,0.13333333333333333
79,AAGTGGGAT,1,0.4666666666666667
79,AAGGAGTAAAATTGGGGAACATGCCCAAG,1,0.4
78,TTTCNAT,1,0.26666666666666666
79,AAGGAGTAAA,1,0.4
79,AACCNCAT,1,0.4
79,AACCGCATGC,1,0.4
79,AACCGCATG,1,0.4
79,AAAG,1,0.13333333333333333
78,TTTTT,1,0.13333333333333333
78,TTTT,1,0.13333333333333333
78,TCTTT,1,0.13333333333333333
78,TCGCTTAAACCCTATTGGCTCACCCGAT,1,0.5
78,TCGCCTTAAA,1,0.4
78,GTAGAGAGAATTGTTNNNNNNNNNNNNNN,1,0.4
78,NCCGGN,1,0.4666666666666667
78,NANCCGNG,1,0.4666666666666667
78,GTTTGTTT,1,0.13333333333333333
78,GTTT,1,0.13333333333333333
78,GTG,1,0.2
78,GTCGCAT,1,0.3333333333333333
78,GTAGC,1,0.4666666666666667
78,GTAGAGAGAATTGTCTNNNNNNNNNNNNN,1,0.4666666666666667
78,TCCGNGACCCGGGANGCCCAAGA,1,0.3333333333333333
78,GTAAGGAGAACTAANT,1,0.4666666666666667
78,GNGNNAAA,1,0.4
78,GNACCCGNG,1,0.26666666666666666
78,GGNACCCGGG,1,0.3333333333333333
78,GGGTATGC,1,0.26666666666666666
78,GGGNCCCGGG,1,0.3333333333333333
78,GGGANCCGGN,1,0.3333333333333333
78,NCCGNG,1,0.4
78,NCCGNN,1,0.4666666666666667
78,NCNCA,1,0.13333333333333333
78,NGC,1,0.26666666666666666
78,TCCCCTTAAGGGCCTCCACCAACGATGCC,1,0.3333333333333333
78,TCCANNAAAT,1,0.2
78,TATG,1,0.2
78,TATCCTCTAAGGAGGT,1,0.4666666666666667
78,TATCCTCNAAGATATGCCCAAGAAGAAGA,1,0.4666666666666667
78,TANTCGCAAATGGTTATGCCCAA,1,0.4666666666666667
78,TANATCCAC,1,0.13333333333333333
78,TAATGAGGTTCGCAAGA,1,0.3333333333333333
78,TAANTA,1,0.13333333333333333
78,TAAA,1,0.13333333333333333
78,NTNTGNCTANTCTTNTTNCATCNNATT,1,0.4
78,NTNGAGAGAATTNTT,1,0.26666666666666666
78,NTNC,1,0.4666666666666667
78,NGGG,1,0.2
78,NGCNCNAGA,1,0.2
79,ACCCGGAGTTAGAATAGTGGTCAATTGCA,1,0.4666666666666667
79,ACCNGNG,1,0.4
78,GGG,1,0.2
79,CTCGACTAT,1,0.26666666666666666
79,GANAGAGAAGCGAAATTAAGGTAGC,1,0.36666666666666664
79,GACCCNGG,1,0.4
79,GACCCGGGATGTCATCTCCGGGACCCGGG,1,0.4
79,GACCCGGAGCTCAGGAAAAGGAAACGACA,1,0.4666666666666667
79,GACCCGGAAGGAGTCCAATCTAAATCGGG,1,0.4666666666666667
79,CTTTNTNCA,1,0.2
79,CTNTN,1,0.13333333333333333
79,CTAGTACGAACCTTGCTAACTTGATGCCC,1,0.4666666666666667
79,GATAGAGAAGCGAAATTAAGGTAAC,1,0.43333333333333335
79,CTAGTACGAAATGCCCAAGAAGAAGAGGA,1,0.4666666666666667
79,CTAAGCCTAATTATCTCGTTTAATGATGC,1,0.5
79,CTAAGCCTAA,1,0.4
79,CNNNN,1,0.3333333333333333
79,CGGGAT,1,0.4
79,CGCGGG,1,0.4
79,CCTGGG,1,0.4
79,GAT,1,0.26666666666666666
79,GATAGAGAAGCGAAATTANGGTAGC,1,0.36666666666666664
79,AG,1,0.2
79,GCNCAAGA,1,0.26666666666666666
79,GNACCCGNG,1,0.26666666666666666
79,GGNCCCGGGAN,1,0.26666666666666666
79,GGGNT,1,0.2
79,GGGNCCCGGG,1,0.3333333333333333
79,GGACCCGGG,1,0.3333333333333333
79,GCTCAGGAAATTCGTTNNNNNNNNNNNNN,1,0.4666666666666667
79,GCTCAGGAAAGGTNGGCCCAAGGCC,1,0.43333333333333335
79,GCGTAGCCAAGGACCTTCGACATGCCCAA,1,0.3333333333333333
79,GATAGAGAANCGAAATTAAGGNAGC,1,0.43333333333333335
79,GCGTAAGAAATCACAGATGCCCAAGAAGA,1,0.4666666666666667
79,GCCCAN,1,0.2
79,GCCCAA,1,0.2
79,GCCCA,1,0.2
79,GCCAGGAAGCCCTTTCAAATAACTACT,1,0.4666666666666667
79,GCC,1,0.2
79,GCATGCCCAAGA,1,0.4
79,CCTAA,1,0.13333333333333333
79,CCNGGN,1,0.4
79,CCGCAT,1,0.3333333333333333
79,AGGTGTCCAA,1,0.3333333333333333
79,ATGCCGATGCCC,1,0.4666666666666667
79,ATGCCCAAGA,1,0.3333333333333333
79,ATCTTT,1,0.13333333333333333
79,ATCCGCATGCC,1,0.4
79,ANTNNGGT,1,0.2
79,ANTCT,1,0.13333333333333333
79,AGTAGCATGCC,1,0.4
79,AGGCGCAT,1,0.4
79,CCCTGG,1,0.4
79,AGCGTAGCAACGGCTATGAGAAGAAGAGG,1,0.4666666666666667
79,AGCGTAGCAACACTAATGCCCAA,1,0.4666666666666667
79,AGCGTAGCAAACCCCGGCGATGCCCAAGA,1,0.4
79,AGCGTAGCA,1,0.3333333333333333
79,AGATAGAGAAGCGAAATTANGGNAGC,1,0.4
79,AGAGCTATG,1,0.4
79,AGAAGCAT,1,0.4
79,ATGNC,1,0.26666666666666666
79,ATNTTTTT,1,0.26666666666666666
79,ATTATGGTTNNNNNNNNNAG,1,0.26666666666666666
79,ATTG,1,0.13333333333333333
79,CCCNNG,1,0.3333333333333333
79,CCCGTG,1,0.4
79,CCCGTC,1,0.4
79,CCCGNN,1,0.3333333333333333
79,CCCGNGANGNCCAAGA,1,0.2
79,CCCGGGAT,1,0.3333333333333333
79,CCC,1,0.2
79,CATGCCTAAAGGTGCT,1,0.4666666666666667
79,CATGCCTAAAACGANNNNNNNNNNNNNNN,1,0.4
79,CATGCCTAAA,1,0.4
79,CAAG,1,0.13333333333333333
79,ATTTNAAT,1,0.3333333333333333
79,ATTTGCAT,1,0.4
79,ATTNTGCNNAATCTTTT,1,0.4666666666666667
79,ATTGGCATGCCC,1,0.4
78,GGGACCNGGG,1,0.26666666666666666
78,GGCGAGCCAAAATACCCCGGCATGGTAGC,1,0.3333333333333333
77,TTCTGCCTAATCTTNNT,1,0.4666666666666667
78,ACAGCAAGAATAATAGAGCATTATTAAGCTAGC,1,0.43333333333333335
78,ACNTTCAT,1,0.4
78,ACCGGGAT,1,0.4
78,ACCCGGACATGCCTAAAGGGTGAATGAGT,1,0.4666666666666667
78,ACCC,1,0.2
78,ACC,1,0.13333333333333333
78,ACATGCATGCC,1,0.4
78,ACATGCAT,1,0.4
78,ACA,1,0.13333333333333333
78,ACTGCATAAAAGCGAT,1,0.4666666666666667
78,AATTGNNT,1,0.26666666666666666
78,AATTGCAT,1,0.4
78,AATT,1,0.13333333333333333
78,AATNAG,1,0.13333333333333333
78,AATG,1,0.2
78,AANTANCAT,1,0.3333333333333333
78,AANGCAGA,1,0.2
78,ACTCGCAT,1,0.4
78,ACTGCATAAATGCCCAAGAAGAAGAGGAA,1,0.4
78,ATCAGCAT,1,0.4
78,AGGAGCAT,1,0.4
78,ATAATGG,1,0.2
78,ATAA,1,0.13333333333333333
78,ANATTC,1,0.13333333333333333
78,AGTGGCAT,1,0.4
78,AGTAGCATGCC,1,0.4
78,AGGAGTCCAACTGCCTNNNNNNNNNNNNN,1,0.4666666666666667
78,AGGAGTCCAACGTCGTNNNNNNNNNNNNN,1,0.4666666666666667
78,AGCGTANNNNNNNNNNNNNNNNNNNG,1,0.26666666666666666
78,AG,1,0.26666666666666666
78,AGCGTAGCAAGGGACATGCCCAA,1,0.4666666666666667
78,AGCGTAGCAAATGGGTAACGACATGCCCA,1,0.4666666666666667
78,AGCGTAGCAA,1,0.4
78,AGCGAGAAATGCCCAAGAAGAAGAGGAAG,1,0.3333333333333333
78,AGCATGCCCAAGA,1,0.4
78,AGACTCCTGCAATNCTATTAAAGCAAGGTTA,1,0.43333333333333335
78,AGA,1,0.2
78,AAGNAGAA,1,0.2
78,AAGGTAAAAATGCAATCATAGGAAAGC,1,0.43333333333333335
78,AAGGAGTAAATAGATTNNNNNNNNNNNNN,1,0.4666666666666667
77,TTGGCAN,1,0.26666666666666666
77,TTTT,1,0.2
77,TTTNCCTA,1,0.2
77,TTTCC,1,0.13333333333333333
77,TTNTNNCTANTNTTTTTCC,1,0.4
77,TTNNNTNAAANTG,1,0.26666666666666666
77,TTNANAAAAA,1,0.26666666666666666
77,TTNAANAA,1,0.2
77,TTG,1,0.13333333333333333
78,AAGCTGCAT,1,0.4666666666666667
77,TTCTT,1,0.13333333333333333
77,TTCTNNCTAA,1,0.4
77,TTCTGNNTAATNTT,1,0.3333333333333333
77,TTCTGCNTAATCTTTTNNNNNNNNNNNNN,1,0.4666666666666667
77,TTCTGCCTAATCTTTTTCCATNNNNNNNN,1,0.4666666666666667
77,TTCTGCCTAATCTTTNT,1,0.4666666666666667
77,TTCTGCCTAATCTTTNNNNNNNNNNNNNN,1,0.4
78,A,1,0.13333333333333333
78,AAA,1,0.13333333333333333
78,AAAAACNNAN,1,0.26666666666666666
78,AAAATCGAT,1,0.4666666666666667
78,AACTGCAT,1,0.4
78,AACNGCAT,1,0.4
78,AACCTGTAT,1,0.3333333333333333
78,AACCTGGAT,1,0.4666666666666667
78,AACCTGGAC,1,0.3333333333333333
78,AACCTGCAT,1,0.4666666666666667
78,AACCTGCAA,1,0.3333333333333333
78,AACCTGAAC,1,0.3333333333333333
78,AACCTG,1,0.4
78,AACCGGG,1,0.4666666666666667
78,AACCGCANG,1,0.3333333333333333
78,AACCCGCAT,1,0.4666666666666667
78,AACAC,1,0.13333333333333333
78,AAAT,1,0.2
78,AAAG,1,0.13333333333333333
78,ATC,1,0.13333333333333333
78,ATCGCCATG,1,0.4
78,GGCCGC,1,0.4
78,CTGT,1,0.4
78,GACCCGGN,1,0.3333333333333333
78,GACCCGGATAGATCGCAGCAAGAAATTAG,1,0.4666666666666667
78,GACCCGGAGTGGAGAGAATTCGAAGACGC,1,0.4666666666666667
78,GACCCGGAGCGTAAGAAAGGAAAACGGAG,1,0.4666666666666667
78,GACCCGGAAGGAGTCCAATTCCAAGAAAT,1,0.4666666666666667
78,GACCCGGAAGCGTAGCACTGCCAATGCCG,1,0.4666666666666667
78,G,1,0.2
78,CTGGAGTTCTNNNTAATCT,1,0.26666666666666666
78,GACNCGGG,1,0.3333333333333333
78,CTG,1,0.3333333333333333
78,CTCCTGCAAACTTAATTGCGCAGATTTAC,1,0.4
78,CTATGGTATGACAGCGACATTAACAGAGC,1,0.3333333333333333
78,CTAGTACGAAGTTTACGATGCCCAAGA,1,0.4
78,CTAGTACGAAGGCAGTGATGCCCAAGA,1,0.4666666666666667
78,CTAGTACGAAATGCCTTCATGCCCAAGA,1,0.4
78,CTAGTACGAAATGCCTNCATGCCCAAGA,1,0.4666666666666667
78,GACCCGNATAGATNGCAGCAAGAAANTAG,1,0.4666666666666667
78,GAT,1,0.2
78,ATCGCTATG,1,0.4
78,GCCN,1,0.2
78,GGACCCGGAAGCGTAGCAAAGAAAGTGGA,1,0.4666666666666667
78,GCTCAGGAAATGCCCAAGAAGAAGAGGAA,1,0.4
78,GCTCAGGAAATACTAT,1,0.4666666666666667
78,GCTCAGGAAACCGCTGAAGCCCAAGAAGA,1,0.4666666666666667
78,GCGTAAGAAAGGCTATNNNNNNNNNNNNN,1,0.4666666666666667
78,GCGTAAGAAACCTGAT,1,0.4666666666666667
78,GCGAAGATAACCTTGCAGAGTTAAGAGCGC,1,0.4
78,GCCAGGAAA,1,0.3333333333333333
78,GATAGAGAAGCGAAATTAAGGTAGCACGC,1,0.3333333333333333
78,GCATCTCGTAT,1,0.4
78,GCAT,1,0.13333333333333333
78,GCAAAACCTGATG,1,0.4
78,GC,1,0.2
78,GATAGAGAAGNGAAATTAAGGTAGCATGC,1,0.3333333333333333
78,GATAGAGAAGCGAAATTAAGGTAGCATGN,1,0.3333333333333333
78,GATAGAGAAGCGAAATTAAGGTAGCATGC,1,0.3333333333333333
78,CTAAGCCTAACCTGTT,1,0.4666666666666667
78,CT,1,0.13333333333333333
78,CGTAT,1,0.26666666666666666
78,CAAATNGNNTGC,1,0.3333333333333333
78,CATGCCTAAATGCCCAAGAAGAAGAGGAA,1,0.4
78,CATGCCTAAA,1,0.4
78,CATGCCCAAGA,1,0.4666666666666667
78,CATGCCAAAGGCGGTAGCGAACTTCC,1,0.5
78,CATCTTCCTAGCACAGTGGTTTAAGGATG,1,0.3333333333333333
78,CACGTCTGCCAGTCACTTAGGCATCTCGT,1,0.4
78,CAAG,1,0.13333333333333333
78,CAAA,1,0.13333333333333333
78,CGNATGC,1,0.26666666666666666
78,ATTTGNATN,1,0.3333333333333333
78,ATTTGCAT,1,0.4
78,ATNTT,1,0.13333333333333333
78,ATNCNCAA,1,0.2
78,ATGTGCAT,1,0.4
78,ATGCCCANG,1,0.4
78,ATGCCCAAGA,1,0.3333333333333333
78,CATTNTGGAANNTGNTAT,1,0.3333333333333333
78,CCAAG,1,0.13333333333333333
78,CCANAAGGNANATG,1,0.3333333333333333
78,CCCCGG,1,0.4
78,CGNAT,1,0.26666666666666666
78,CGGAATATCTAAGAGCTCACCAATTCACC,1,0.4
78,CGCG,1,0.2
78,CGAGC,1,0.4666666666666667
78,CGAAGATAGAGAAGCGAAANTAAGGTAGC,1,0.3333333333333333
78,CG,1,0.2
78,CCTTGC,1,0.4
78,CCTGGG,1,0.4
78,CCTGCAGGGATAGGAAGGCACGGGNANTA,1,0.26666666666666666
78,CCT,1,0.13333333333333333
78,CCNGGGNT,1,0.2
78,CCGGGAT,1,0.3333333333333333
78,CCGGG,1,0.3333333333333333
78,CCCGNN,1,0.4
78,CCCGGAGTTAGAGAGAACTCGCCAAATCC,1,0.4
81,TTTTTCCAT,1,0.2
